id,kode,jenis,tanggal_semai,tanggal_tanam,status,blok,baris,latitude,longitude,keterangan,kode_intern
NDIS0001,A PANJANG,SIMALUNGUN,13/09/2026,Khayalan,POLYBAG,,,123.123.123,-0.122123,260831RVF579GW,260831RVF579GW
NDIS0002,A PANJANG,SIMALUNGUN,13/09/2026,Khayalan,POLYBAG,,,,,260831RVF579GW,260831RVF579GW
NDIS0003,A PANJANG,SIMALUNGUN,13/09/2026,Khayalan,POLYBAG,,,,,260831RVF579GW,260831RVF579GW
NDIS0004,A PANJANG,SIMALUNGUN,13/09/2026,Khayalan,POLYBAG,,,,,260831RVF579GW,260831RVF579GW
NDIS0005,A PANJANG,SIMALUNGUN,13/09/2026,Khayalan,POLYBAG,,,,,260831RVF579GW,260831RVF579GW
NDIS0006,A PANJANG,SIMALUNGUN,13/09/2026,Khayalan,POLYBAG,,,,,260831RVF579GW,260831RVF579GW
NDIS0007,A PANJANG,SIMALUNGUN,13/09/2026,Khayalan,POLYBAG,,,,,260831RVF579GW,260831RVF579GW
NDIS0008,A PANJANG,SIMALUNGUN,13/09/2026,Khayalan,POLYBAG,,,,,260831RVF579GW,260831RVF579GW
NDIS0009,A PANJANG,SIMALUNGUN,13/09/2026,Khayalan,POLYBAG,,,,,260831RVF579GW,260831RVF579GW
NDIS0010,A PANJANG,SIMALUNGUN,13/09/2026,Khayalan,POLYBAG,,,,,260831RVF579GW,260831RVF579GW
NDIS0011,A PANJANG,SIMALUNGUN,13/09/2026,Khayalan,POLYBAG,,,,,260831RVF579GW,260831RVF579GW
NDIS0012,A PANJANG,SIMALUNGUN,13/09/2026,Khayalan,POLYBAG,,,,,260831RVF579GW,260831RVF579GW
NDIS0013,A PANJANG,SIMALUNGUN,13/09/2026,Khayalan,POLYBAG,,,,,260831RVF579GW,260831RVF579GW
NDIS0014,A PANJANG,SIMALUNGUN,13/09/2026,Khayalan,POLYBAG,,,,,260831RVF579GW,260831RVF579GW
NDIS0015,A PANJANG,SIMALUNGUN,13/09/2026,Khayalan,POLYBAG,,,,,260831RVF579GW,260831RVF579GW
NDIS0016,A PANJANG,SIMALUNGUN,13/09/2026,Khayalan,POLYBAG,,,,,260831RVF579GW,260831RVF579GW
NDIS0017,A PANJANG,SIMALUNGUN,13/09/2026,Khayalan,POLYBAG,,,,,260831RVF579GW,260831RVF579GW
NDIS0018,A PANJANG,SIMALUNGUN,13/09/2026,Khayalan,POLYBAG,,,,,260831RVF579GW,260831RVF579GW
NDIS0019,A PANJANG,SIMALUNGUN,13/09/2026,Khayalan,POLYBAG,,,,,260831RVF579GW,260831RVF579GW
NDIS0020,A PANJANG,SIMALUNGUN,13/09/2026,Khayalan,POLYBAG,,,,,260831RVF579GW,260831RVF579GW
NDIS0021,A PANJANG,SIMALUNGUN,13/09/2026,Khayalan,POLYBAG,,,,,260831RVF579GW,260831RVF579GW
NDIS0022,A PANJANG,SIMALUNGUN,13/09/2026,Khayalan,POLYBAG,,,,,260831RVF579GW,260831RVF579GW
NDIS0023,A PANJANG,SIMALUNGUN,13/09/2026,Khayalan,POLYBAG,,,,,260831RVF579GW,260831RVF579GW
NDIS0024,A PANJANG,SIMALUNGUN,13/09/2026,Khayalan,POLYBAG,,,,,260831RVF579GW,260831RVF579GW
NDIS0025,A PANJANG,SIMALUNGUN,13/09/2026,Khayalan,POLYBAG,,,,,260831RVF579GW,260831RVF579GW
NDIS0026,A PANJANG,SIMALUNGUN,13/09/2026,Khayalan,POLYBAG,,,,,260831RVF579GW,260831RVF579GW
NDIS0027,A PANJANG,SIMALUNGUN,13/09/2026,Khayalan,POLYBAG,,,,,260831RVF579GW,260831RVF579GW
NDIS0028,A PANJANG,SIMALUNGUN,13/09/2026,Khayalan,POLYBAG,,,,,260831RVF579GW,260831RVF579GW
NDIS0029,A PANJANG,SIMALUNGUN,13/09/2026,Khayalan,POLYBAG,,,,,260831RVF579GW,260831RVF579GW
NDIS0030,A PANJANG,SIMALUNGUN,13/09/2026,Khayalan,POLYBAG,,,,,260831RVF579GW,260831RVF579GW
NDIS0031,A PANJANG,SIMALUNGUN,13/09/2026,Khayalan,POLYBAG,,,,,260831RVF579GW,260831RVF579GW
NDIS0032,A PANJANG,SIMALUNGUN,13/09/2026,Khayalan,POLYBAG,,,,,260831RVF579GW,260831RVF579GW
NDIS0033,A PANJANG,SIMALUNGUN,13/09/2026,Khayalan,POLYBAG,,,,,260831RVF579GW,260831RVF579GW
NDIS0034,A PANJANG,SIMALUNGUN,13/09/2026,Khayalan,POLYBAG,,,,,260831RVF579GW,260831RVF579GW
NDIS0035,A PANJANG,SIMALUNGUN,13/09/2026,Khayalan,POLYBAG,,,,,260831RVF579GW,260831RVF579GW
NDIS0036,A PANJANG,SIMALUNGUN,13/09/2026,Khayalan,POLYBAG,,,,,260831RVF579GW,260831RVF579GW
NDIS0037,A PANJANG,SIMALUNGUN,13/09/2026,Khayalan,POLYBAG,,,,,260831RVF579GW,260831RVF579GW
NDIS0038,A PANJANG,SIMALUNGUN,13/09/2026,Khayalan,POLYBAG,,,,,260831RVF579GW,260831RVF579GW
NDIS0039,A PANJANG,SIMALUNGUN,13/09/2026,Khayalan,POLYBAG,,,,,260831RVF579GW,260831RVF579GW
NDIS0040,A PANJANG,SIMALUNGUN,13/09/2026,Khayalan,POLYBAG,,,,,260831RVF579GW,260831RVF579GW
NDIS0041,A PANJANG,SIMALUNGUN,13/09/2026,Khayalan,POLYBAG,,,,,260831RVF579GW,260831RVF579GW
NDIS0042,A PANJANG,SIMALUNGUN,13/09/2026,Khayalan,POLYBAG,,,,,260831RVF579GW,260831RVF579GW
NDIS0043,A PANJANG,SIMALUNGUN,13/09/2026,Khayalan,POLYBAG,,,,,260831RVF579GW,260831RVF579GW
NDIS0044,A PANJANG,SIMALUNGUN,13/09/2026,Khayalan,POLYBAG,,,,,260831RVF579GW,260831RVF579GW
NDIS0045,A PANJANG,SIMALUNGUN,13/09/2026,Khayalan,POLYBAG,,,,,260831RVF579GW,260831RVF579GW
NDIS0046,A PANJANG,SIMALUNGUN,13/09/2026,Khayalan,POLYBAG,,,,,260831RVF579GW,260831RVF579GW
NDIS0047,A PANJANG,SIMALUNGUN,13/09/2026,Khayalan,POLYBAG,,,,,260831RVF579GW,260831RVF579GW
NDIS0048,A PANJANG,SIMALUNGUN,13/09/2026,Khayalan,POLYBAG,,,,,260831RVF579GW,260831RVF579GW
NDIS0049,A PANJANG,SIMALUNGUN,13/09/2026,Khayalan,POLYBAG,,,,,260831RVF579GW,260831RVF579GW
NDIS0050,A PANJANG,SIMALUNGUN,13/09/2026,Khayalan,POLYBAG,,,,,260831RVF579GW,260831RVF579GW
NDIS0051,A PANJANG,SIMALUNGUN,13/09/2026,Khayalan,POLYBAG,,,,,260831RVF579GW,260831RVF579GW
NDIS0052,A PANJANG,SIMALUNGUN,13/09/2026,Khayalan,POLYBAG,,,,,260831RVF579GW,260831RVF579GW
NDIS0053,A PANJANG,SIMALUNGUN,13/09/2026,Khayalan,POLYBAG,,,,,260831RVF579GW,260831RVF579GW
NDIS0054,A PANJANG,SIMALUNGUN,13/09/2026,Khayalan,POLYBAG,,,,,260831RVF579GW,260831RVF579GW
NDIS0055,A PANJANG,SIMALUNGUN,13/09/2026,Khayalan,POLYBAG,,,,,260831RVF579GW,260831RVF579GW
NDIS0056,A PANJANG,SIMALUNGUN,13/09/2026,Khayalan,POLYBAG,,,,,260831RVF579GW,260831RVF579GW
NDIS0057,A PANJANG,SIMALUNGUN,13/09/2026,Khayalan,POLYBAG,,,,,260831RVF579GW,260831RVF579GW
NDIS0058,A PANJANG,SIMALUNGUN,13/09/2026,Khayalan,POLYBAG,,,,,260831RVF579GW,260831RVF579GW
NDIS0059,A PANJANG,SIMALUNGUN,13/09/2026,Khayalan,POLYBAG,,,,,260831RVF579GW,260831RVF579GW
NDIS0060,A PANJANG,SIMALUNGUN,13/09/2026,Khayalan,POLYBAG,,,,,260831RVF579GW,260831RVF579GW
NDIS0061,A PANJANG,SIMALUNGUN,13/09/2026,Khayalan,POLYBAG,,,,,260831RVF579GW,260831RVF579GW
NDIS0062,A PANJANG,SIMALUNGUN,13/09/2026,Khayalan,POLYBAG,,,,,260831RVF579GW,260831RVF579GW
NDIS0063,A PANJANG,SIMALUNGUN,13/09/2026,Khayalan,POLYBAG,,,,,260831RVF579GW,260831RVF579GW
NDIS0064,A PANJANG,SIMALUNGUN,13/09/2026,Khayalan,POLYBAG,,,,,260831RVF579GW,260831RVF579GW
NDIS0065,A PANJANG,SIMALUNGUN,13/09/2026,Khayalan,POLYBAG,,,,,260831RVF579GW,260831RVF579GW
NDIS0066,A PANJANG,SIMALUNGUN,13/09/2026,Khayalan,POLYBAG,,,,,260831RVF579GW,260831RVF579GW
NDIS0067,A PANJANG,SIMALUNGUN,13/09/2026,Khayalan,POLYBAG,,,,,260831RVF579GW,260831RVF579GW
NDIS0068,A PANJANG,SIMALUNGUN,13/09/2026,Khayalan,POLYBAG,,,,,260831RVF579GW,260831RVF579GW
NDIS0069,A PANJANG,SIMALUNGUN,13/09/2026,Khayalan,POLYBAG,,,,,260831RVF579GW,260831RVF579GW
NDIS0070,A PANJANG,SIMALUNGUN,13/09/2026,Khayalan,POLYBAG,,,,,260831RVF579GW,260831RVF579GW
NDIS0071,A PANJANG,SIMALUNGUN,13/09/2026,Khayalan,POLYBAG,,,,,260831RVF579GW,260831RVF579GW
NDIS0072,A PANJANG,SIMALUNGUN,13/09/2026,Khayalan,POLYBAG,,,,,260831RVF579GW,260831RVF579GW
NDIS0073,A PANJANG,SIMALUNGUN,13/09/2026,Khayalan,POLYBAG,,,,,260831RVF579GW,260831RVF579GW
NDIS0074,A PANJANG,SIMALUNGUN,13/09/2026,Khayalan,POLYBAG,,,,,260831RVF579GW,260831RVF579GW
NDIS0075,A PANJANG,SIMALUNGUN,13/09/2026,Khayalan,POLYBAG,,,,,260831RVF579GW,260831RVF579GW
NDIS0076,A PANJANG,SIMALUNGUN,13/09/2026,Khayalan,POLYBAG,,,,,260831RVF579GW,260831RVF579GW
NDIS0077,A PANJANG,SIMALUNGUN,13/09/2026,Khayalan,POLYBAG,,,,,260831RVF579GW,260831RVF579GW
NDIS0078,A PANJANG,SIMALUNGUN,13/09/2026,Khayalan,POLYBAG,,,,,260831RVF579GW,260831RVF579GW
NDIS0079,A PANJANG,SIMALUNGUN,13/09/2026,Khayalan,POLYBAG,,,,,260831RVF579GW,260831RVF579GW
NDIS0080,A PANJANG,SIMALUNGUN,13/09/2026,Khayalan,POLYBAG,,,,,260831RVF579GW,260831RVF579GW
NDIS0081,A PANJANG,SIMALUNGUN,13/09/2026,Khayalan,POLYBAG,,,,,260831RVF579GW,260831RVF579GW
NDIS0082,A PANJANG,SIMALUNGUN,13/09/2026,Khayalan,POLYBAG,,,,,260831RVF579GW,260831RVF579GW
NDIS0083,A PANJANG,SIMALUNGUN,13/09/2026,Khayalan,POLYBAG,,,,,260831RVF579GW,260831RVF579GW
NDIS0084,A PANJANG,SIMALUNGUN,13/09/2026,Khayalan,POLYBAG,,,,,260831RVF579GW,260831RVF579GW
NDIS0085,A PANJANG,SIMALUNGUN,13/09/2026,Khayalan,POLYBAG,,,,,260831RVF579GW,260831RVF579GW
NDIS0086,A PANJANG,SIMALUNGUN,13/09/2026,Khayalan,POLYBAG,,,,,260831RVF579GW,260831RVF579GW
NDIS0087,A PANJANG,SIMALUNGUN,13/09/2026,Khayalan,POLYBAG,,,,,260831RVF579GW,260831RVF579GW
NDIS0088,A PANJANG,SIMALUNGUN,13/09/2026,Khayalan,POLYBAG,,,,,260831RVF579GW,260831RVF579GW
NDIS0089,A PANJANG,SIMALUNGUN,13/09/2026,Khayalan,POLYBAG,,,,,260831RVF579GW,260831RVF579GW
NDIS0090,A PANJANG,SIMALUNGUN,13/09/2026,Khayalan,POLYBAG,,,,,260831RVF579GW,260831RVF579GW
NDIS0091,A PANJANG,SIMALUNGUN,13/09/2026,Khayalan,POLYBAG,,,,,260831RVF579GW,260831RVF579GW
NDIS0092,A PANJANG,SIMALUNGUN,13/09/2026,Khayalan,POLYBAG,,,,,260831RVF579GW,260831RVF579GW
NDIS0093,A PANJANG,SIMALUNGUN,13/09/2026,Khayalan,POLYBAG,,,,,260831RVF579GW,260831RVF579GW
NDIS0094,A PANJANG,SIMALUNGUN,13/09/2026,Khayalan,POLYBAG,,,,,260831RVF579GW,260831RVF579GW
NDIS0095,A PANJANG,SIMALUNGUN,13/09/2026,Khayalan,POLYBAG,,,,,260831RVF579GW,260831RVF579GW
NDIS0096,A PANJANG,SIMALUNGUN,13/09/2026,Khayalan,POLYBAG,,,,,260831RVF579GW,260831RVF579GW
NDIS0097,A PANJANG,SIMALUNGUN,13/09/2026,Khayalan,POLYBAG,,,,,260831RVF579GW,260831RVF579GW
NDIS0098,A PANJANG,SIMALUNGUN,13/09/2026,Khayalan,POLYBAG,,,,,260831RVF579GW,260831RVF579GW
NDIS0099,A PANJANG,SIMALUNGUN,13/09/2026,Khayalan,POLYBAG,,,,,260831RVF579GW,260831RVF579GW
NDIS0100,A PANJANG,SIMALUNGUN,13/09/2026,Khayalan,POLYBAG,,,,,260831RVF579GW,260831RVF579GW
NDIS0101,A PANJANG,SIMALUNGUN,13/09/2026,Khayalan,POLYBAG,,,,,260831RVF579GW,260831RVF579GW
NDIS0102,A PANJANG,SIMALUNGUN,13/09/2026,Khayalan,POLYBAG,,,,,260831RVF579GW,260831RVF579GW
NDIS0103,A PANJANG,SIMALUNGUN,13/09/2026,Khayalan,POLYBAG,,,,,260831RVF579GW,260831RVF579GW
NDIS0104,A PANJANG,SIMALUNGUN,13/09/2026,Khayalan,POLYBAG,,,,,260831RVF579GW,260831RVF579GW
NDIS0105,A PANJANG,SIMALUNGUN,13/09/2026,Khayalan,POLYBAG,,,,,260831RVF579GW,260831RVF579GW
NDIS0106,A PANJANG,SIMALUNGUN,13/09/2026,Khayalan,POLYBAG,,,,,260831RVF579GW,260831RVF579GW
NDIS0107,A PANJANG,SIMALUNGUN,13/09/2026,Khayalan,POLYBAG,,,,,260831RVF579GW,260831RVF579GW
NDIS0108,A PANJANG,SIMALUNGUN,13/09/2026,Khayalan,POLYBAG,,,,,260831RVF579GW,260831RVF579GW
NDIS0109,A PANJANG,SIMALUNGUN,13/09/2026,Khayalan,POLYBAG,,,,,260831RVF579GW,260831RVF579GW
NDIS0110,A PANJANG,SIMALUNGUN,13/09/2026,Khayalan,POLYBAG,,,,,260831RVF579GW,260831RVF579GW
NDIS0111,A PANJANG,SIMALUNGUN,13/09/2026,Khayalan,POLYBAG,,,,,260831RVF579GW,260831RVF579GW
NDIS0112,A PANJANG,SIMALUNGUN,13/09/2026,Khayalan,POLYBAG,,,,,260831RVF579GW,260831RVF579GW
NDIS0113,A PANJANG,SIMALUNGUN,13/09/2026,Khayalan,POLYBAG,,,,,260831RVF579GW,260831RVF579GW
NDIS0114,A PANJANG,SIMALUNGUN,13/09/2026,Khayalan,POLYBAG,,,,,260831RVF579GW,260831RVF579GW
NDIS0115,A PANJANG,SIMALUNGUN,13/09/2026,Khayalan,POLYBAG,,,,,260831RVF579GW,260831RVF579GW
NDIS0116,A PANJANG,SIMALUNGUN,13/09/2026,Khayalan,POLYBAG,,,,,260831RVF579GW,260831RVF579GW
NDIS0117,A PANJANG,SIMALUNGUN,13/09/2026,Khayalan,POLYBAG,,,,,260831RVF579GW,260831RVF579GW
NDIS0118,A PANJANG,SIMALUNGUN,13/09/2026,Khayalan,POLYBAG,,,,,260831RVF579GW,260831RVF579GW
NDIS0119,A PANJANG,SIMALUNGUN,13/09/2026,Khayalan,POLYBAG,,,,,260831RVF579GW,260831RVF579GW
NDIS0120,A PANJANG,SIMALUNGUN,13/09/2026,Khayalan,POLYBAG,,,,,260831RVF579GW,260831RVF579GW
NDIS0121,A PANJANG,SIMALUNGUN,13/09/2026,Khayalan,POLYBAG,,,,,260831RVF579GW,260831RVF579GW
NDIS0122,A PANJANG,SIMALUNGUN,13/09/2026,Khayalan,POLYBAG,,,,,260831RVF579GW,260831RVF579GW
NDIS0123,A PANJANG,SIMALUNGUN,13/09/2026,Khayalan,POLYBAG,,,,,260831RVF579GW,260831RVF579GW
NDIS0124,A PANJANG,SIMALUNGUN,13/09/2026,Khayalan,POLYBAG,,,,,260831RVF579GW,260831RVF579GW
NDIS0125,A PANJANG,SIMALUNGUN,13/09/2026,Khayalan,POLYBAG,,,,,260831RVF579GW,260831RVF579GW
NDIS0126,A PANJANG,SIMALUNGUN,13/09/2026,Khayalan,POLYBAG,,,,,260831RVF579GW,260831RVF579GW
NDIS0127,A PANJANG,SIMALUNGUN,13/09/2026,Khayalan,POLYBAG,,,,,260831RVF579GW,260831RVF579GW
NDIS0128,A PANJANG,SIMALUNGUN,13/09/2026,Khayalan,POLYBAG,,,,,260831RVF579GW,260831RVF579GW
NDIS0129,A PANJANG,SIMALUNGUN,13/09/2026,Khayalan,POLYBAG,,,,,260831RVF579GW,260831RVF579GW
NDIS0130,A PANJANG,SIMALUNGUN,13/09/2026,Khayalan,POLYBAG,,,,,260831RVF579GW,260831RVF579GW
NDIS0131,A PANJANG,SIMALUNGUN,13/09/2026,Khayalan,POLYBAG,,,,,260831RVF579GW,260831RVF579GW
NDIS0132,A PANJANG,SIMALUNGUN,13/09/2026,Khayalan,POLYBAG,,,,,260831RVF579GW,260831RVF579GW
NDIS0133,A PANJANG,SIMALUNGUN,13/09/2026,Khayalan,POLYBAG,,,,,260831RVF579GW,260831RVF579GW
NDIS0134,A PANJANG,SIMALUNGUN,13/09/2026,Khayalan,POLYBAG,,,,,260831RVF579GW,260831RVF579GW
NDIS0135,A PANJANG,SIMALUNGUN,13/09/2026,Khayalan,POLYBAG,,,,,260831RVF579GW,260831RVF579GW
NDIS0136,A PANJANG,SIMALUNGUN,13/09/2026,Khayalan,POLYBAG,,,,,260831RVF579GW,260831RVF579GW
NDIS0137,A PANJANG,SIMALUNGUN,13/09/2026,Khayalan,POLYBAG,,,,,260831RVF579GW,260831RVF579GW
NDIS0138,A PANJANG,SIMALUNGUN,13/09/2026,Khayalan,POLYBAG,,,,,260831RVF579GW,260831RVF579GW
NDIS0139,A PANJANG,SIMALUNGUN,13/09/2026,Khayalan,POLYBAG,,,,,260831RVF579GW,260831RVF579GW
NDIS0140,A PANJANG,SIMALUNGUN,13/09/2026,Khayalan,POLYBAG,,,,,260831RVF579GW,260831RVF579GW
NDIS0141,A PANJANG,SIMALUNGUN,13/09/2026,Khayalan,POLYBAG,,,,,260831RVF579GW,260831RVF579GW
NDIS0142,A PANJANG,SIMALUNGUN,13/09/2026,Khayalan,POLYBAG,,,,,260831RVF579GW,260831RVF579GW
NDIS0143,A PANJANG,SIMALUNGUN,13/09/2026,Khayalan,POLYBAG,,,,,260831RVF579GW,260831RVF579GW
NDIS0144,A PANJANG,SIMALUNGUN,13/09/2026,Khayalan,POLYBAG,,,,,260831RVF579GW,260831RVF579GW
NDIS0145,A PANJANG,SIMALUNGUN,13/09/2026,Khayalan,POLYBAG,,,,,260831RVF579GW,260831RVF579GW
NDIS0146,A PANJANG,SIMALUNGUN,13/09/2026,Khayalan,POLYBAG,,,,,260831RVF579GW,260831RVF579GW
NDIS0147,A PANJANG,SIMALUNGUN,13/09/2026,Khayalan,POLYBAG,,,,,260831RVF579GW,260831RVF579GW
NDIS0148,A PANJANG,SIMALUNGUN,13/09/2026,Khayalan,POLYBAG,,,,,260831RVF579GW,260831RVF579GW
NDIS0149,A PANJANG,SIMALUNGUN,13/09/2026,Khayalan,POLYBAG,,,,,260831RVF579GW,260831RVF579GW
NDIS0150,A PANJANG,SIMALUNGUN,13/09/2026,Khayalan,POLYBAG,,,,,260831RVF579GW,260831RVF579GW
NDIS0151,B PANJANG,YANGAMBI,16/09/2026,Khayalan,POLYBAG,,,,,260904649XCEY2,260904649XCEY2
NDIS0152,B PANJANG,YANGAMBI,16/09/2026,Khayalan,POLYBAG,,,,,260904649XCEY2,260904649XCEY2
NDIS0153,B PANJANG,YANGAMBI,16/09/2026,Khayalan,POLYBAG,,,,,260904649XCEY2,260904649XCEY2
NDIS0154,B PANJANG,YANGAMBI,16/09/2026,Khayalan,POLYBAG,,,,,260904649XCEY2,260904649XCEY2
NDIS0155,B PANJANG,YANGAMBI,16/09/2026,Khayalan,POLYBAG,,,,,260904649XCEY2,260904649XCEY2
NDIS0156,B PANJANG,YANGAMBI,16/09/2026,Khayalan,POLYBAG,,,,,260904649XCEY2,260904649XCEY2
NDIS0157,B PANJANG,YANGAMBI,16/09/2026,Khayalan,POLYBAG,,,,,260904649XCEY2,260904649XCEY2
NDIS0158,B PANJANG,YANGAMBI,16/09/2026,Khayalan,POLYBAG,,,,,260904649XCEY2,260904649XCEY2
NDIS0159,B PANJANG,YANGAMBI,16/09/2026,Khayalan,POLYBAG,,,,,260904649XCEY2,260904649XCEY2
NDIS0160,B PANJANG,YANGAMBI,16/09/2026,Khayalan,POLYBAG,,,,,260904649XCEY2,260904649XCEY2
NDIS0161,B PANJANG,YANGAMBI,16/09/2026,Khayalan,POLYBAG,,,,,260904649XCEY2,260904649XCEY2
NDIS0162,B PANJANG,YANGAMBI,16/09/2026,Khayalan,POLYBAG,,,,,260904649XCEY2,260904649XCEY2
NDIS0163,B PANJANG,YANGAMBI,16/09/2026,Khayalan,POLYBAG,,,,,260904649XCEY2,260904649XCEY2
NDIS0164,B PANJANG,YANGAMBI,16/09/2026,Khayalan,POLYBAG,,,,,260904649XCEY2,260904649XCEY2
NDIS0165,B PANJANG,YANGAMBI,16/09/2026,Khayalan,POLYBAG,,,,,260904649XCEY2,260904649XCEY2
NDIS0166,B PANJANG,YANGAMBI,16/09/2026,Khayalan,POLYBAG,,,,,260904649XCEY2,260904649XCEY2
NDIS0167,B PANJANG,YANGAMBI,16/09/2026,Khayalan,POLYBAG,,,,,260904649XCEY2,260904649XCEY2
NDIS0168,B PANJANG,YANGAMBI,16/09/2026,Khayalan,POLYBAG,,,,,260904649XCEY2,260904649XCEY2
NDIS0169,B PANJANG,YANGAMBI,16/09/2026,Khayalan,POLYBAG,,,,,260904649XCEY2,260904649XCEY2
NDIS0170,B PANJANG,YANGAMBI,16/09/2026,Khayalan,POLYBAG,,,,,260904649XCEY2,260904649XCEY2
NDIS0171,B PANJANG,YANGAMBI,16/09/2026,Khayalan,POLYBAG,,,,,260904649XCEY2,260904649XCEY2
NDIS0172,B PANJANG,YANGAMBI,16/09/2026,Khayalan,POLYBAG,,,,,260904649XCEY2,260904649XCEY2
NDIS0173,B PANJANG,YANGAMBI,16/09/2026,Khayalan,POLYBAG,,,,,260904649XCEY2,260904649XCEY2
NDIS0174,B PANJANG,YANGAMBI,16/09/2026,Khayalan,POLYBAG,,,,,260904649XCEY2,260904649XCEY2
NDIS0175,B PANJANG,YANGAMBI,16/09/2026,Khayalan,POLYBAG,,,,,260904649XCEY2,260904649XCEY2
NDIS0176,B PANJANG,YANGAMBI,16/09/2026,Khayalan,POLYBAG,,,,,260904649XCEY2,260904649XCEY2
NDIS0177,B PANJANG,YANGAMBI,16/09/2026,Khayalan,POLYBAG,,,,,260904649XCEY2,260904649XCEY2
NDIS0178,B PANJANG,YANGAMBI,16/09/2026,Khayalan,POLYBAG,,,,,260904649XCEY2,260904649XCEY2
NDIS0179,B PANJANG,YANGAMBI,16/09/2026,Khayalan,POLYBAG,,,,,260904649XCEY2,260904649XCEY2
NDIS0180,B PANJANG,YANGAMBI,16/09/2026,Khayalan,POLYBAG,,,,,260904649XCEY2,260904649XCEY2
NDIS0181,B PANJANG,YANGAMBI,16/09/2026,Khayalan,POLYBAG,,,,,260904649XCEY2,260904649XCEY2
NDIS0182,B PANJANG,YANGAMBI,16/09/2026,Khayalan,POLYBAG,,,,,260904649XCEY2,260904649XCEY2
NDIS0183,B PANJANG,YANGAMBI,16/09/2026,Khayalan,POLYBAG,,,,,260904649XCEY2,260904649XCEY2
NDIS0184,B PANJANG,YANGAMBI,16/09/2026,Khayalan,POLYBAG,,,,,260904649XCEY2,260904649XCEY2
NDIS0185,B PANJANG,YANGAMBI,16/09/2026,Khayalan,POLYBAG,,,,,260904649XCEY2,260904649XCEY2
NDIS0186,B PANJANG,YANGAMBI,16/09/2026,Khayalan,POLYBAG,,,,,260904649XCEY2,260904649XCEY2
NDIS0187,B PANJANG,YANGAMBI,16/09/2026,Khayalan,POLYBAG,,,,,260904649XCEY2,260904649XCEY2
NDIS0188,B PANJANG,YANGAMBI,16/09/2026,Khayalan,POLYBAG,,,,,260904649XCEY2,260904649XCEY2
NDIS0189,B PANJANG,YANGAMBI,16/09/2026,Khayalan,POLYBAG,,,,,260904649XCEY2,260904649XCEY2
NDIS0190,B PANJANG,YANGAMBI,16/09/2026,Khayalan,POLYBAG,,,,,260904649XCEY2,260904649XCEY2
NDIS0191,B PANJANG,YANGAMBI,16/09/2026,Khayalan,POLYBAG,,,,,260904649XCEY2,260904649XCEY2
NDIS0192,B PANJANG,YANGAMBI,16/09/2026,Khayalan,POLYBAG,,,,,260904649XCEY2,260904649XCEY2
NDIS0193,B PANJANG,YANGAMBI,16/09/2026,Khayalan,POLYBAG,,,,,260904649XCEY2,260904649XCEY2
NDIS0194,B PANJANG,YANGAMBI,16/09/2026,Khayalan,POLYBAG,,,,,260904649XCEY2,260904649XCEY2
NDIS0195,B PANJANG,YANGAMBI,16/09/2026,Khayalan,POLYBAG,,,,,260904649XCEY2,260904649XCEY2
NDIS0196,B PANJANG,YANGAMBI,16/09/2026,Khayalan,POLYBAG,,,,,260904649XCEY2,260904649XCEY2
NDIS0197,B PANJANG,YANGAMBI,16/09/2026,Khayalan,POLYBAG,,,,,260904649XCEY2,260904649XCEY2
NDIS0198,B PANJANG,YANGAMBI,16/09/2026,Khayalan,POLYBAG,,,,,260904649XCEY2,260904649XCEY2
NDIS0199,B PANJANG,YANGAMBI,16/09/2026,Khayalan,POLYBAG,,,,,260904649XCEY2,260904649XCEY2
NDIS0200,B PANJANG,YANGAMBI,16/09/2026,Khayalan,POLYBAG,,,,,260904649XCEY2,260904649XCEY2
NDIS0201,B PANJANG,YANGAMBI,16/09/2026,Khayalan,POLYBAG,,,,,260904649XCEY2,260904649XCEY2
NDIS0202,B PANJANG,YANGAMBI,16/09/2026,Khayalan,POLYBAG,,,,,260904649XCEY2,260904649XCEY2
NDIS0203,B PANJANG,YANGAMBI,16/09/2026,Khayalan,POLYBAG,,,,,260904649XCEY2,260904649XCEY2
NDIS0204,B PANJANG,YANGAMBI,16/09/2026,Khayalan,POLYBAG,,,,,260904649XCEY2,260904649XCEY2
NDIS0205,B PANJANG,YANGAMBI,16/09/2026,Khayalan,POLYBAG,,,,,260904649XCEY2,260904649XCEY2
NDIS0206,B PANJANG,YANGAMBI,16/09/2026,Khayalan,POLYBAG,,,,,260904649XCEY2,260904649XCEY2
NDIS0207,B PANJANG,YANGAMBI,16/09/2026,Khayalan,POLYBAG,,,,,260904649XCEY2,260904649XCEY2
NDIS0208,B PANJANG,YANGAMBI,16/09/2026,Khayalan,POLYBAG,,,,,260904649XCEY2,260904649XCEY2
NDIS0209,B PANJANG,YANGAMBI,16/09/2026,Khayalan,POLYBAG,,,,,260904649XCEY2,260904649XCEY2
NDIS0210,B PANJANG,YANGAMBI,16/09/2026,Khayalan,POLYBAG,,,,,260904649XCEY2,260904649XCEY2
NDIS0211,B PANJANG,YANGAMBI,16/09/2026,Khayalan,POLYBAG,,,,,260904649XCEY2,260904649XCEY2
NDIS0212,B PANJANG,YANGAMBI,16/09/2026,Khayalan,POLYBAG,,,,,260904649XCEY2,260904649XCEY2
NDIS0213,B PANJANG,YANGAMBI,16/09/2026,Khayalan,POLYBAG,,,,,260904649XCEY2,260904649XCEY2
NDIS0214,B PANJANG,YANGAMBI,16/09/2026,Khayalan,POLYBAG,,,,,260904649XCEY2,260904649XCEY2
NDIS0215,B PANJANG,YANGAMBI,16/09/2026,Khayalan,POLYBAG,,,,,260904649XCEY2,260904649XCEY2
NDIS0216,B PANJANG,YANGAMBI,16/09/2026,Khayalan,POLYBAG,,,,,260904649XCEY2,260904649XCEY2
NDIS0217,B PANJANG,YANGAMBI,16/09/2026,Khayalan,POLYBAG,,,,,260904649XCEY2,260904649XCEY2
NDIS0218,B PANJANG,YANGAMBI,16/09/2026,Khayalan,POLYBAG,,,,,260904649XCEY2,260904649XCEY2
NDIS0219,B PANJANG,YANGAMBI,16/09/2026,Khayalan,POLYBAG,,,,,260904649XCEY2,260904649XCEY2
NDIS0220,B PANJANG,YANGAMBI,16/09/2026,Khayalan,POLYBAG,,,,,260904649XCEY2,260904649XCEY2
NDIS0221,B PANJANG,YANGAMBI,16/09/2026,Khayalan,POLYBAG,,,,,260904649XCEY2,260904649XCEY2
NDIS0222,B PANJANG,YANGAMBI,16/09/2026,Khayalan,POLYBAG,,,,,260904649XCEY2,260904649XCEY2
NDIS0223,B PANJANG,YANGAMBI,16/09/2026,Khayalan,POLYBAG,,,,,260904649XCEY2,260904649XCEY2
NDIS0224,B PANJANG,YANGAMBI,16/09/2026,Khayalan,POLYBAG,,,,,260904649XCEY2,260904649XCEY2
NDIS0225,B PANJANG,YANGAMBI,16/09/2026,Khayalan,POLYBAG,,,,,260904649XCEY2,260904649XCEY2
NDIS0226,B PANJANG,YANGAMBI,16/09/2026,Khayalan,POLYBAG,,,,,260904649XCEY2,260904649XCEY2
NDIS0227,B PANJANG,YANGAMBI,16/09/2026,Khayalan,POLYBAG,,,,,260904649XCEY2,260904649XCEY2
NDIS0228,B PANJANG,YANGAMBI,16/09/2026,Khayalan,POLYBAG,,,,,260904649XCEY2,260904649XCEY2
NDIS0229,B PANJANG,YANGAMBI,16/09/2026,Khayalan,POLYBAG,,,,,260904649XCEY2,260904649XCEY2
NDIS0230,B PANJANG,YANGAMBI,16/09/2026,Khayalan,POLYBAG,,,,,260904649XCEY2,260904649XCEY2
NDIS0231,B PANJANG,YANGAMBI,16/09/2026,Khayalan,POLYBAG,,,,,260904649XCEY2,260904649XCEY2
NDIS0232,B PANJANG,YANGAMBI,16/09/2026,Khayalan,POLYBAG,,,,,260904649XCEY2,260904649XCEY2
NDIS0233,B PANJANG,YANGAMBI,16/09/2026,Khayalan,POLYBAG,,,,,260904649XCEY2,260904649XCEY2
NDIS0234,B PANJANG,YANGAMBI,16/09/2026,Khayalan,POLYBAG,,,,,260904649XCEY2,260904649XCEY2
NDIS0235,B PANJANG,YANGAMBI,16/09/2026,Khayalan,POLYBAG,,,,,260904649XCEY2,260904649XCEY2
NDIS0236,B PANJANG,YANGAMBI,16/09/2026,Khayalan,POLYBAG,,,,,260904649XCEY2,260904649XCEY2
NDIS0237,B PANJANG,YANGAMBI,16/09/2026,Khayalan,POLYBAG,,,,,260904649XCEY2,260904649XCEY2
NDIS0238,B PANJANG,YANGAMBI,16/09/2026,Khayalan,POLYBAG,,,,,260904649XCEY2,260904649XCEY2
NDIS0239,B PANJANG,YANGAMBI,16/09/2026,Khayalan,POLYBAG,,,,,260904649XCEY2,260904649XCEY2
NDIS0240,B PANJANG,YANGAMBI,16/09/2026,Khayalan,POLYBAG,,,,,260904649XCEY2,260904649XCEY2
NDIS0241,B PANJANG,YANGAMBI,16/09/2026,Khayalan,POLYBAG,,,,,260904649XCEY2,260904649XCEY2
NDIS0242,B PANJANG,YANGAMBI,16/09/2026,Khayalan,POLYBAG,,,,,260904649XCEY2,260904649XCEY2
NDIS0243,B PANJANG,YANGAMBI,16/09/2026,Khayalan,POLYBAG,,,,,260904649XCEY2,260904649XCEY2
NDIS0244,B PANJANG,YANGAMBI,16/09/2026,Khayalan,POLYBAG,,,,,260904649XCEY2,260904649XCEY2
NDIS0245,B PANJANG,YANGAMBI,16/09/2026,Khayalan,POLYBAG,,,,,260904649XCEY2,260904649XCEY2
NDIS0246,B PANJANG,YANGAMBI,16/09/2026,Khayalan,POLYBAG,,,,,260904649XCEY2,260904649XCEY2
NDIS0247,B PANJANG,YANGAMBI,16/09/2026,Khayalan,POLYBAG,,,,,260904649XCEY2,260904649XCEY2
NDIS0248,B PANJANG,YANGAMBI,16/09/2026,Khayalan,POLYBAG,,,,,260904649XCEY2,260904649XCEY2
NDIS0249,B PANJANG,YANGAMBI,16/09/2026,Khayalan,POLYBAG,,,,,260904649XCEY2,260904649XCEY2
NDIS0250,B PANJANG,YANGAMBI,16/09/2026,Khayalan,POLYBAG,,,,,260904649XCEY2,260904649XCEY2
NDIS0251,B PANJANG,YANGAMBI,16/09/2026,Khayalan,POLYBAG,,,,,260904649XCEY2,260904649XCEY2
NDIS0252,B PANJANG,YANGAMBI,16/09/2026,Khayalan,POLYBAG,,,,,260904649XCEY2,260904649XCEY2
NDIS0253,B PANJANG,YANGAMBI,16/09/2026,Khayalan,POLYBAG,,,,,260904649XCEY2,260904649XCEY2
NDIS0254,B PANJANG,YANGAMBI,16/09/2026,Khayalan,POLYBAG,,,,,260904649XCEY2,260904649XCEY2
NDIS0255,B PANJANG,YANGAMBI,16/09/2026,Khayalan,POLYBAG,,,,,260904649XCEY2,260904649XCEY2
NDIS0256,B PANJANG,YANGAMBI,16/09/2026,Khayalan,POLYBAG,,,,,260904649XCEY2,260904649XCEY2
NDIS0257,B PANJANG,YANGAMBI,16/09/2026,Khayalan,POLYBAG,,,,,260904649XCEY2,260904649XCEY2
NDIS0258,B PANJANG,YANGAMBI,16/09/2026,Khayalan,POLYBAG,,,,,260904649XCEY2,260904649XCEY2
NDIS0259,B PANJANG,YANGAMBI,16/09/2026,Khayalan,POLYBAG,,,,,260904649XCEY2,260904649XCEY2
NDIS0260,B PANJANG,YANGAMBI,16/09/2026,Khayalan,POLYBAG,,,,,260904649XCEY2,260904649XCEY2
NDIS0261,B PANJANG,YANGAMBI,16/09/2026,Khayalan,POLYBAG,,,,,260904649XCEY2,260904649XCEY2
NDIS0262,B PANJANG,YANGAMBI,16/09/2026,Khayalan,POLYBAG,,,,,260904649XCEY2,260904649XCEY2
NDIS0263,B PANJANG,YANGAMBI,16/09/2026,Khayalan,POLYBAG,,,,,260904649XCEY2,260904649XCEY2
NDIS0264,B PANJANG,YANGAMBI,16/09/2026,Khayalan,POLYBAG,,,,,260904649XCEY2,260904649XCEY2
NDIS0265,B PANJANG,YANGAMBI,16/09/2026,Khayalan,POLYBAG,,,,,260904649XCEY2,260904649XCEY2
NDIS0266,B PANJANG,YANGAMBI,16/09/2026,Khayalan,POLYBAG,,,,,260904649XCEY2,260904649XCEY2
NDIS0267,B PANJANG,YANGAMBI,16/09/2026,Khayalan,POLYBAG,,,,,260904649XCEY2,260904649XCEY2
NDIS0268,B PANJANG,YANGAMBI,16/09/2026,Khayalan,POLYBAG,,,,,260904649XCEY2,260904649XCEY2
NDIS0269,B PANJANG,YANGAMBI,16/09/2026,Khayalan,POLYBAG,,,,,260904649XCEY2,260904649XCEY2
NDIS0270,B PANJANG,YANGAMBI,16/09/2026,Khayalan,POLYBAG,,,,,260904649XCEY2,260904649XCEY2
NDIS0271,B PANJANG,YANGAMBI,16/09/2026,Khayalan,POLYBAG,,,,,260904649XCEY2,260904649XCEY2
NDIS0272,B PANJANG,YANGAMBI,16/09/2026,Khayalan,POLYBAG,,,,,260904649XCEY2,260904649XCEY2
NDIS0273,B PANJANG,YANGAMBI,16/09/2026,Khayalan,POLYBAG,,,,,260904649XCEY2,260904649XCEY2
NDIS0274,B PANJANG,YANGAMBI,16/09/2026,Khayalan,POLYBAG,,,,,260904649XCEY2,260904649XCEY2
NDIS0275,B PANJANG,YANGAMBI,16/09/2026,Khayalan,POLYBAG,,,,,260904649XCEY2,260904649XCEY2
NDIS0276,B PANJANG,YANGAMBI,16/09/2026,Khayalan,POLYBAG,,,,,260904649XCEY2,260904649XCEY2
NDIS0277,B PANJANG,YANGAMBI,16/09/2026,Khayalan,POLYBAG,,,,,260904649XCEY2,260904649XCEY2
NDIS0278,B PANJANG,YANGAMBI,16/09/2026,Khayalan,POLYBAG,,,,,260904649XCEY2,260904649XCEY2
NDIS0279,B PANJANG,YANGAMBI,16/09/2026,Khayalan,POLYBAG,,,,,260904649XCEY2,260904649XCEY2
NDIS0280,B PANJANG,YANGAMBI,16/09/2026,Khayalan,POLYBAG,,,,,260904649XCEY2,260904649XCEY2
NDIS0281,B PANJANG,YANGAMBI,16/09/2026,Khayalan,POLYBAG,,,,,260904649XCEY2,260904649XCEY2
NDIS0282,B PANJANG,YANGAMBI,16/09/2026,Khayalan,POLYBAG,,,,,260904649XCEY2,260904649XCEY2
NDIS0283,B PANJANG,YANGAMBI,16/09/2026,Khayalan,POLYBAG,,,,,260904649XCEY2,260904649XCEY2
NDIS0284,B PANJANG,YANGAMBI,16/09/2026,Khayalan,POLYBAG,,,,,260904649XCEY2,260904649XCEY2
NDIS0285,B PANJANG,YANGAMBI,16/09/2026,Khayalan,POLYBAG,,,,,260904649XCEY2,260904649XCEY2
NDIS0286,B PANJANG,YANGAMBI,16/09/2026,Khayalan,POLYBAG,,,,,260904649XCEY2,260904649XCEY2
NDIS0287,B PANJANG,YANGAMBI,16/09/2026,Khayalan,POLYBAG,,,,,260904649XCEY2,260904649XCEY2
NDIS0288,B PANJANG,YANGAMBI,16/09/2026,Khayalan,POLYBAG,,,,,260904649XCEY2,260904649XCEY2
NDIS0289,B PANJANG,YANGAMBI,16/09/2026,Khayalan,POLYBAG,,,,,260904649XCEY2,260904649XCEY2
NDIS0290,B PANJANG,YANGAMBI,16/09/2026,Khayalan,POLYBAG,,,,,260904649XCEY2,260904649XCEY2
NDIS0291,B PANJANG,YANGAMBI,16/09/2026,Khayalan,POLYBAG,,,,,260904649XCEY2,260904649XCEY2
NDIS0292,B PANJANG,YANGAMBI,16/09/2026,Khayalan,POLYBAG,,,,,260904649XCEY2,260904649XCEY2
NDIS0293,B PANJANG,YANGAMBI,16/09/2026,Khayalan,POLYBAG,,,,,260904649XCEY2,260904649XCEY2
NDIS0294,B PANJANG,YANGAMBI,16/09/2026,Khayalan,POLYBAG,,,,,260904649XCEY2,260904649XCEY2
NDIS0295,B PANJANG,YANGAMBI,16/09/2026,Khayalan,POLYBAG,,,,,260904649XCEY2,260904649XCEY2
NDIS0296,B PANJANG,YANGAMBI,16/09/2026,Khayalan,POLYBAG,,,,,260904649XCEY2,260904649XCEY2
NDIS0297,B PANJANG,YANGAMBI,16/09/2026,Khayalan,POLYBAG,,,,,260904649XCEY2,260904649XCEY2
NDIS0298,B PANJANG,YANGAMBI,16/09/2026,Khayalan,POLYBAG,,,,,260904649XCEY2,260904649XCEY2
NDIS0299,B PANJANG,YANGAMBI,16/09/2026,Khayalan,POLYBAG,,,,,260904649XCEY2,260904649XCEY2
NDIS0300,B PANJANG,YANGAMBI,16/09/2026,Khayalan,POLYBAG,,,,,260904649XCEY2,260904649XCEY2
NDIS0301,B PANJANG,YANGAMBI,16/09/2026,Khayalan,POLYBAG,,,,,260904649XCEY2,260904649XCEY2
NDIS0302,B PANJANG,YANGAMBI,16/09/2026,Khayalan,POLYBAG,,,,,260904649XCEY2,260904649XCEY2
NDIS0303,B PANJANG,YANGAMBI,16/09/2026,Khayalan,POLYBAG,,,,,260904649XCEY2,260904649XCEY2
NDIS0304,B PANJANG,YANGAMBI,16/09/2026,Khayalan,POLYBAG,,,,,260904649XCEY2,260904649XCEY2
NDIS0305,B PANJANG,YANGAMBI,16/09/2026,Khayalan,POLYBAG,,,,,260904649XCEY2,260904649XCEY2
NDIS0306,B PANJANG,YANGAMBI,16/09/2026,Khayalan,POLYBAG,,,,,260904649XCEY2,260904649XCEY2
NDIS0307,B PANJANG,YANGAMBI,16/09/2026,Khayalan,POLYBAG,,,,,260904649XCEY2,260904649XCEY2
NDIS0308,B PANJANG,YANGAMBI,16/09/2026,Khayalan,POLYBAG,,,,,260904649XCEY2,260904649XCEY2
NDIS0309,B PANJANG,YANGAMBI,16/09/2026,Khayalan,POLYBAG,,,,,260904649XCEY2,260904649XCEY2
NDIS0310,B PANJANG,YANGAMBI,16/09/2026,Khayalan,POLYBAG,,,,,260904649XCEY2,260904649XCEY2
NDIS0311,B PANJANG,YANGAMBI,16/09/2026,Khayalan,POLYBAG,,,,,260904649XCEY2,260904649XCEY2
NDIS0312,B PANJANG,YANGAMBI,16/09/2026,Khayalan,POLYBAG,,,,,260904649XCEY2,260904649XCEY2
NDIS0313,B PANJANG,YANGAMBI,16/09/2026,Khayalan,POLYBAG,,,,,260904649XCEY2,260904649XCEY2
NDIS0314,B PANJANG,YANGAMBI,16/09/2026,Khayalan,POLYBAG,,,,,260904649XCEY2,260904649XCEY2
NDIS0315,B PANJANG,YANGAMBI,16/09/2026,Khayalan,POLYBAG,,,,,260904649XCEY2,260904649XCEY2
NDIS0316,B PANJANG,YANGAMBI,16/09/2026,Khayalan,POLYBAG,,,,,260904649XCEY2,260904649XCEY2
NDIS0317,B PANJANG,YANGAMBI,16/09/2026,Khayalan,POLYBAG,,,,,260904649XCEY2,260904649XCEY2
NDIS0318,B PANJANG,YANGAMBI,16/09/2026,Khayalan,POLYBAG,,,,,260904649XCEY2,260904649XCEY2
NDIS0319,B PANJANG,YANGAMBI,16/09/2026,Khayalan,POLYBAG,,,,,260904649XCEY2,260904649XCEY2
NDIS0320,B PANJANG,YANGAMBI,16/09/2026,Khayalan,POLYBAG,,,,,260904649XCEY2,260904649XCEY2
NDIS0321,B PANJANG,YANGAMBI,16/09/2026,Khayalan,POLYBAG,,,,,260904649XCEY2,260904649XCEY2
NDIS0322,B PANJANG,YANGAMBI,16/09/2026,Khayalan,POLYBAG,,,,,260904649XCEY2,260904649XCEY2
NDIS0323,B PANJANG,YANGAMBI,16/09/2026,Khayalan,POLYBAG,,,,,260904649XCEY2,260904649XCEY2
NDIS0324,B PANJANG,YANGAMBI,16/09/2026,Khayalan,POLYBAG,,,,,260904649XCEY2,260904649XCEY2
NDIS0325,B PANJANG,YANGAMBI,16/09/2026,Khayalan,POLYBAG,,,,,260904649XCEY2,260904649XCEY2
NDIS0326,B PANJANG,YANGAMBI,16/09/2026,Khayalan,POLYBAG,,,,,260904649XCEY2,260904649XCEY2
NDIS0327,B PANJANG,YANGAMBI,16/09/2026,Khayalan,POLYBAG,,,,,260904649XCEY2,260904649XCEY2
NDIS0328,B PANJANG,YANGAMBI,16/09/2026,Khayalan,POLYBAG,,,,,260904649XCEY2,260904649XCEY2
NDIS0329,B PANJANG,YANGAMBI,16/09/2026,Khayalan,POLYBAG,,,,,260904649XCEY2,260904649XCEY2
NDIS0330,B PANJANG,YANGAMBI,16/09/2026,Khayalan,POLYBAG,,,,,260904649XCEY2,260904649XCEY2
NDIS0331,B PANJANG,YANGAMBI,16/09/2026,Khayalan,POLYBAG,,,,,260904649XCEY2,260904649XCEY2
NDIS0332,B PANJANG,YANGAMBI,16/09/2026,Khayalan,POLYBAG,,,,,260904649XCEY2,260904649XCEY2
NDIS0333,B PANJANG,YANGAMBI,16/09/2026,Khayalan,POLYBAG,,,,,260904649XCEY2,260904649XCEY2
NDIS0334,B PANJANG,YANGAMBI,16/09/2026,Khayalan,POLYBAG,,,,,260904649XCEY2,260904649XCEY2
NDIS0335,B PANJANG,YANGAMBI,16/09/2026,Khayalan,POLYBAG,,,,,260904649XCEY2,260904649XCEY2
NDIS0336,B PANJANG,YANGAMBI,16/09/2026,Khayalan,POLYBAG,,,,,260904649XCEY2,260904649XCEY2
NDIS0337,B PANJANG,YANGAMBI,16/09/2026,Khayalan,POLYBAG,,,,,260904649XCEY2,260904649XCEY2
NDIS0338,B PANJANG,YANGAMBI,16/09/2026,Khayalan,POLYBAG,,,,,260904649XCEY2,260904649XCEY2
NDIS0339,B PANJANG,YANGAMBI,16/09/2026,Khayalan,POLYBAG,,,,,260904649XCEY2,260904649XCEY2
NDIS0340,B PANJANG,YANGAMBI,16/09/2026,Khayalan,POLYBAG,,,,,260904649XCEY2,260904649XCEY2
NDIS0341,B PANJANG,YANGAMBI,16/09/2026,Khayalan,POLYBAG,,,,,260904649XCEY2,260904649XCEY2
NDIS0342,B PANJANG,YANGAMBI,16/09/2026,Khayalan,POLYBAG,,,,,260904649XCEY2,260904649XCEY2
NDIS0343,B PANJANG,YANGAMBI,16/09/2026,Khayalan,POLYBAG,,,,,260904649XCEY2,260904649XCEY2
NDIS0344,B PANJANG,YANGAMBI,16/09/2026,Khayalan,POLYBAG,,,,,260904649XCEY2,260904649XCEY2
NDIS0345,B PANJANG,YANGAMBI,16/09/2026,Khayalan,POLYBAG,,,,,260904649XCEY2,260904649XCEY2
NDIS0346,B PANJANG,YANGAMBI,16/09/2026,Khayalan,POLYBAG,,,,,260904649XCEY2,260904649XCEY2
NDIS0347,B PANJANG,YANGAMBI,16/09/2026,Khayalan,POLYBAG,,,,,260904649XCEY2,260904649XCEY2
NDIS0348,B PANJANG,YANGAMBI,16/09/2026,Khayalan,POLYBAG,,,,,260904649XCEY2,260904649XCEY2
NDIS0349,B PANJANG,YANGAMBI,16/09/2026,Khayalan,POLYBAG,,,,,260904649XCEY2,260904649XCEY2
NDIS0350,B PANJANG,YANGAMBI,16/09/2026,Khayalan,POLYBAG,,,,,260904649XCEY2,260904649XCEY2
NDIS0351,B PANJANG,YANGAMBI,16/09/2026,Khayalan,POLYBAG,,,,,260904649XCEY2,260904649XCEY2
NDIS0352,B PANJANG,YANGAMBI,16/09/2026,Khayalan,POLYBAG,,,,,260904649XCEY2,260904649XCEY2
NDIS0353,B PANJANG,YANGAMBI,16/09/2026,Khayalan,POLYBAG,,,,,260904649XCEY2,260904649XCEY2
NDIS0354,B PANJANG,YANGAMBI,16/09/2026,Khayalan,POLYBAG,,,,,260904649XCEY2,260904649XCEY2
NDIS0355,B PANJANG,YANGAMBI,16/09/2026,Khayalan,POLYBAG,,,,,260904649XCEY2,260904649XCEY2
NDIS0356,B PANJANG,YANGAMBI,16/09/2026,Khayalan,POLYBAG,,,,,260904649XCEY2,260904649XCEY2
NDIS0357,B PANJANG,YANGAMBI,16/09/2026,Khayalan,POLYBAG,,,,,260904649XCEY2,260904649XCEY2
NDIS0358,B PANJANG,YANGAMBI,16/09/2026,Khayalan,POLYBAG,,,,,260904649XCEY2,260904649XCEY2
NDIS0359,B PANJANG,YANGAMBI,16/09/2026,Khayalan,POLYBAG,,,,,260904649XCEY2,260904649XCEY2
NDIS0360,B PANJANG,YANGAMBI,16/09/2026,Khayalan,POLYBAG,,,,,260904649XCEY2,260904649XCEY2
NDIS0361,B PANJANG,YANGAMBI,16/09/2026,Khayalan,POLYBAG,,,,,260904649XCEY2,260904649XCEY2
NDIS0362,B PANJANG,YANGAMBI,16/09/2026,Khayalan,POLYBAG,,,,,260904649XCEY2,260904649XCEY2
NDIS0363,B PANJANG,YANGAMBI,16/09/2026,Khayalan,POLYBAG,,,,,260904649XCEY2,260904649XCEY2
NDIS0364,B PANJANG,YANGAMBI,16/09/2026,Khayalan,POLYBAG,,,,,260904649XCEY2,260904649XCEY2
NDIS0365,B PANJANG,YANGAMBI,16/09/2026,Khayalan,POLYBAG,,,,,260904649XCEY2,260904649XCEY2
NDIS0366,B PANJANG,YANGAMBI,16/09/2026,Khayalan,POLYBAG,,,,,260904649XCEY2,260904649XCEY2
NDIS0367,B PANJANG,YANGAMBI,16/09/2026,Khayalan,POLYBAG,,,,,260904649XCEY2,260904649XCEY2
NDIS0368,B PANJANG,YANGAMBI,16/09/2026,Khayalan,POLYBAG,,,,,260904649XCEY2,260904649XCEY2
NDIS0369,B PANJANG,YANGAMBI,16/09/2026,Khayalan,POLYBAG,,,,,260904649XCEY2,260904649XCEY2
NDIS0370,B PANJANG,YANGAMBI,16/09/2026,Khayalan,POLYBAG,,,,,260904649XCEY2,260904649XCEY2
NDIS0371,B PANJANG,YANGAMBI,16/09/2026,Khayalan,POLYBAG,,,,,260904649XCEY2,260904649XCEY2
NDIS0372,B PANJANG,YANGAMBI,16/09/2026,Khayalan,POLYBAG,,,,,260904649XCEY2,260904649XCEY2
NDIS0373,B PANJANG,YANGAMBI,16/09/2026,Khayalan,POLYBAG,,,,,260904649XCEY2,260904649XCEY2
NDIS0374,B PANJANG,YANGAMBI,16/09/2026,Khayalan,POLYBAG,,,,,260904649XCEY2,260904649XCEY2
NDIS0375,B PANJANG,YANGAMBI,16/09/2026,Khayalan,POLYBAG,,,,,260904649XCEY2,260904649XCEY2
NDIS0376,B PANJANG,YANGAMBI,16/09/2026,Khayalan,POLYBAG,,,,,260904649XCEY2,260904649XCEY2
NDIS0377,B PANJANG,YANGAMBI,16/09/2026,Khayalan,POLYBAG,,,,,260904649XCEY2,260904649XCEY2
NDIS0378,B PANJANG,YANGAMBI,16/09/2026,Khayalan,POLYBAG,,,,,260904649XCEY2,260904649XCEY2
NDIS0379,B PANJANG,YANGAMBI,16/09/2026,Khayalan,POLYBAG,,,,,260904649XCEY2,260904649XCEY2
NDIS0380,B PANJANG,YANGAMBI,16/09/2026,Khayalan,POLYBAG,,,,,260904649XCEY2,260904649XCEY2
NDIS0381,B PANJANG,YANGAMBI,16/09/2026,Khayalan,POLYBAG,,,,,260904649XCEY2,260904649XCEY2
NDIS0382,B PANJANG,YANGAMBI,16/09/2026,Khayalan,POLYBAG,,,,,260904649XCEY2,260904649XCEY2
NDIS0383,B PANJANG,YANGAMBI,16/09/2026,Khayalan,POLYBAG,,,,,260904649XCEY2,260904649XCEY2
NDIS0384,B PANJANG,YANGAMBI,16/09/2026,Khayalan,POLYBAG,,,,,260904649XCEY2,260904649XCEY2
NDIS0385,B PANJANG,YANGAMBI,16/09/2026,Khayalan,POLYBAG,,,,,260904649XCEY2,260904649XCEY2
NDIS0386,B PANJANG,YANGAMBI,16/09/2026,Khayalan,POLYBAG,,,,,260904649XCEY2,260904649XCEY2
NDIS0387,B PANJANG,YANGAMBI,16/09/2026,Khayalan,POLYBAG,,,,,260904649XCEY2,260904649XCEY2
NDIS0388,B PANJANG,YANGAMBI,16/09/2026,Khayalan,POLYBAG,,,,,260904649XCEY2,260904649XCEY2
NDIS0389,B PANJANG,YANGAMBI,16/09/2026,Khayalan,POLYBAG,,,,,260904649XCEY2,260904649XCEY2
NDIS0390,B PANJANG,YANGAMBI,16/09/2026,Khayalan,POLYBAG,,,,,260904649XCEY2,260904649XCEY2
NDIS0391,B PANJANG,YANGAMBI,16/09/2026,Khayalan,POLYBAG,,,,,260904649XCEY2,260904649XCEY2
NDIS0392,B PANJANG,YANGAMBI,16/09/2026,Khayalan,POLYBAG,,,,,260904649XCEY2,260904649XCEY2
NDIS0393,B PANJANG,YANGAMBI,16/09/2026,Khayalan,POLYBAG,,,,,260904649XCEY2,260904649XCEY2
NDIS0394,B PANJANG,YANGAMBI,16/09/2026,Khayalan,POLYBAG,,,,,260904649XCEY2,260904649XCEY2
NDIS0395,B PANJANG,YANGAMBI,16/09/2026,Khayalan,POLYBAG,,,,,260904649XCEY2,260904649XCEY2
NDIS0396,B PANJANG,YANGAMBI,16/09/2026,Khayalan,POLYBAG,,,,,260904649XCEY2,260904649XCEY2
NDIS0397,B PANJANG,YANGAMBI,16/09/2026,Khayalan,POLYBAG,,,,,260904649XCEY2,260904649XCEY2
NDIS0398,B PANJANG,YANGAMBI,16/09/2026,Khayalan,POLYBAG,,,,,260904649XCEY2,260904649XCEY2
NDIS0399,B PANJANG,YANGAMBI,16/09/2026,Khayalan,POLYBAG,,,,,260904649XCEY2,260904649XCEY2
NDIS0400,B PANJANG,YANGAMBI,16/09/2026,Khayalan,POLYBAG,,,,,260904649XCEY2,260904649XCEY2
NDIS0401,C PENDEK,SRIWIJAYA5,16/09/2026,Khayalan,POLYBAG,,,,,260904649XCEY2,260904649XCEY2
NDIS0402,C PENDEK,SRIWIJAYA5,16/09/2026,Khayalan,POLYBAG,,,,,260904649XCEY2,260904649XCEY2
NDIS0403,C PENDEK,SRIWIJAYA5,16/09/2026,Khayalan,POLYBAG,,,,,260904649XCEY2,260904649XCEY2
NDIS0404,C PENDEK,SRIWIJAYA5,16/09/2026,Khayalan,POLYBAG,,,,,260904649XCEY2,260904649XCEY2
NDIS0405,C PENDEK,SRIWIJAYA5,16/09/2026,Khayalan,POLYBAG,,,,,260904649XCEY2,260904649XCEY2
NDIS0406,C PENDEK,SRIWIJAYA5,16/09/2026,Khayalan,POLYBAG,,,,,260904649XCEY2,260904649XCEY2
NDIS0407,C PENDEK,SRIWIJAYA5,16/09/2026,Khayalan,POLYBAG,,,,,260904649XCEY2,260904649XCEY2
NDIS0408,C PENDEK,SRIWIJAYA5,16/09/2026,Khayalan,POLYBAG,,,,,260904649XCEY2,260904649XCEY2
NDIS0409,C PENDEK,SRIWIJAYA5,16/09/2026,Khayalan,POLYBAG,,,,,260904649XCEY2,260904649XCEY2
NDIS0410,C PENDEK,SRIWIJAYA5,16/09/2026,Khayalan,POLYBAG,,,,,260904649XCEY2,260904649XCEY2
NDIS0411,C PENDEK,SRIWIJAYA5,16/09/2026,Khayalan,POLYBAG,,,,,260904649XCEY2,260904649XCEY2
NDIS0412,C PENDEK,SRIWIJAYA5,16/09/2026,Khayalan,POLYBAG,,,,,260904649XCEY2,260904649XCEY2
NDIS0413,C PENDEK,SRIWIJAYA5,16/09/2026,Khayalan,POLYBAG,,,,,260904649XCEY2,260904649XCEY2
NDIS0414,C PENDEK,SRIWIJAYA5,16/09/2026,Khayalan,POLYBAG,,,,,260904649XCEY2,260904649XCEY2
NDIS0415,C PENDEK,SRIWIJAYA5,16/09/2026,Khayalan,POLYBAG,,,,,260904649XCEY2,260904649XCEY2
NDIS0416,D PANJANG,SIMALUNGUN,17/09/2026,Khayalan,POLYBAG,,,,,26090463DR5QW5,26090463DR5QW5
NDIS0417,D PANJANG,SIMALUNGUN,17/09/2026,Khayalan,POLYBAG,,,,,26090463DR5QW5,26090463DR5QW5
NDIS0418,D PANJANG,SIMALUNGUN,17/09/2026,Khayalan,POLYBAG,,,,,26090463DR5QW5,26090463DR5QW5
NDIS0419,D PANJANG,SIMALUNGUN,17/09/2026,Khayalan,POLYBAG,,,,,26090463DR5QW5,26090463DR5QW5
NDIS0420,D PANJANG,SIMALUNGUN,17/09/2026,Khayalan,POLYBAG,,,,,26090463DR5QW5,26090463DR5QW5
NDIS0421,D PANJANG,SIMALUNGUN,17/09/2026,Khayalan,POLYBAG,,,,,26090463DR5QW5,26090463DR5QW5
NDIS0422,D PANJANG,SIMALUNGUN,17/09/2026,Khayalan,POLYBAG,,,,,26090463DR5QW5,26090463DR5QW5
NDIS0423,D PANJANG,SIMALUNGUN,17/09/2026,Khayalan,POLYBAG,,,,,26090463DR5QW5,26090463DR5QW5
NDIS0424,D PANJANG,SIMALUNGUN,17/09/2026,Khayalan,POLYBAG,,,,,26090463DR5QW5,26090463DR5QW5
NDIS0425,D PANJANG,SIMALUNGUN,17/09/2026,Khayalan,POLYBAG,,,,,26090463DR5QW5,26090463DR5QW5
NDIS0426,D PANJANG,SIMALUNGUN,17/09/2026,Khayalan,POLYBAG,,,,,26090463DR5QW5,26090463DR5QW5
NDIS0427,D PANJANG,SIMALUNGUN,17/09/2026,Khayalan,POLYBAG,,,,,26090463DR5QW5,26090463DR5QW5
NDIS0428,D PANJANG,SIMALUNGUN,17/09/2026,Khayalan,POLYBAG,,,,,26090463DR5QW5,26090463DR5QW5
NDIS0429,D PANJANG,SIMALUNGUN,17/09/2026,Khayalan,POLYBAG,,,,,26090463DR5QW5,26090463DR5QW5
NDIS0430,D PANJANG,SIMALUNGUN,17/09/2026,Khayalan,POLYBAG,,,,,26090463DR5QW5,26090463DR5QW5
NDIS0431,D PANJANG,SIMALUNGUN,17/09/2026,Khayalan,POLYBAG,,,,,26090463DR5QW5,26090463DR5QW5
NDIS0432,D PANJANG,SIMALUNGUN,17/09/2026,Khayalan,POLYBAG,,,,,26090463DR5QW5,26090463DR5QW5
NDIS0433,D PANJANG,SIMALUNGUN,17/09/2026,Khayalan,POLYBAG,,,,,26090463DR5QW5,26090463DR5QW5
NDIS0434,D PANJANG,SIMALUNGUN,17/09/2026,Khayalan,POLYBAG,,,,,26090463DR5QW5,26090463DR5QW5
NDIS0435,D PANJANG,SIMALUNGUN,17/09/2026,Khayalan,POLYBAG,,,,,26090463DR5QW5,26090463DR5QW5
NDIS0436,D PANJANG,SIMALUNGUN,17/09/2026,Khayalan,POLYBAG,,,,,26090463DR5QW5,26090463DR5QW5
NDIS0437,D PANJANG,SIMALUNGUN,17/09/2026,Khayalan,POLYBAG,,,,,26090463DR5QW5,26090463DR5QW5
NDIS0438,D PANJANG,SIMALUNGUN,17/09/2026,Khayalan,POLYBAG,,,,,26090463DR5QW5,26090463DR5QW5
NDIS0439,D PANJANG,SIMALUNGUN,17/09/2026,Khayalan,POLYBAG,,,,,26090463DR5QW5,26090463DR5QW5
NDIS0440,D PANJANG,SIMALUNGUN,17/09/2026,Khayalan,POLYBAG,,,,,26090463DR5QW5,26090463DR5QW5
NDIS0441,D PANJANG,SIMALUNGUN,17/09/2026,Khayalan,POLYBAG,,,,,26090463DR5QW5,26090463DR5QW5
NDIS0442,D PANJANG,SIMALUNGUN,17/09/2026,Khayalan,POLYBAG,,,,,26090463DR5QW5,26090463DR5QW5
NDIS0443,D PANJANG,SIMALUNGUN,17/09/2026,Khayalan,POLYBAG,,,,,26090463DR5QW5,26090463DR5QW5
NDIS0444,D PANJANG,SIMALUNGUN,17/09/2026,Khayalan,POLYBAG,,,,,26090463DR5QW5,26090463DR5QW5
NDIS0445,D PANJANG,SIMALUNGUN,17/09/2026,Khayalan,POLYBAG,,,,,26090463DR5QW5,26090463DR5QW5
NDIS0446,D PANJANG,SIMALUNGUN,17/09/2026,Khayalan,POLYBAG,,,,,26090463DR5QW5,26090463DR5QW5
NDIS0447,D PANJANG,SIMALUNGUN,17/09/2026,Khayalan,POLYBAG,,,,,26090463DR5QW5,26090463DR5QW5
NDIS0448,D PANJANG,SIMALUNGUN,17/09/2026,Khayalan,POLYBAG,,,,,26090463DR5QW5,26090463DR5QW5
NDIS0449,D PANJANG,SIMALUNGUN,17/09/2026,Khayalan,POLYBAG,,,,,26090463DR5QW5,26090463DR5QW5
NDIS0450,D PANJANG,SIMALUNGUN,17/09/2026,Khayalan,POLYBAG,,,,,26090463DR5QW5,26090463DR5QW5
NDIS0451,D PANJANG,SIMALUNGUN,17/09/2026,Khayalan,POLYBAG,,,,,26090463DR5QW5,26090463DR5QW5
NDIS0452,D PANJANG,SIMALUNGUN,17/09/2026,Khayalan,POLYBAG,,,,,26090463DR5QW5,26090463DR5QW5
NDIS0453,D PANJANG,SIMALUNGUN,17/09/2026,Khayalan,POLYBAG,,,,,26090463DR5QW5,26090463DR5QW5
NDIS0454,D PANJANG,SIMALUNGUN,17/09/2026,Khayalan,POLYBAG,,,,,26090463DR5QW5,26090463DR5QW5
NDIS0455,D PANJANG,SIMALUNGUN,17/09/2026,Khayalan,POLYBAG,,,,,26090463DR5QW5,26090463DR5QW5
NDIS0456,D PANJANG,SIMALUNGUN,17/09/2026,Khayalan,POLYBAG,,,,,26090463DR5QW5,26090463DR5QW5
NDIS0457,D PANJANG,SIMALUNGUN,17/09/2026,Khayalan,POLYBAG,,,,,26090463DR5QW5,26090463DR5QW5
NDIS0458,D PANJANG,SIMALUNGUN,17/09/2026,Khayalan,POLYBAG,,,,,26090463DR5QW5,26090463DR5QW5
NDIS0459,D PANJANG,SIMALUNGUN,17/09/2026,Khayalan,POLYBAG,,,,,26090463DR5QW5,26090463DR5QW5
NDIS0460,D PANJANG,SIMALUNGUN,17/09/2026,Khayalan,POLYBAG,,,,,26090463DR5QW5,26090463DR5QW5
NDIS0461,D PANJANG,SIMALUNGUN,17/09/2026,Khayalan,POLYBAG,,,,,26090463DR5QW5,26090463DR5QW5
NDIS0462,D PANJANG,SIMALUNGUN,17/09/2026,Khayalan,POLYBAG,,,,,26090463DR5QW5,26090463DR5QW5
NDIS0463,D PANJANG,SIMALUNGUN,17/09/2026,Khayalan,POLYBAG,,,,,26090463DR5QW5,26090463DR5QW5
NDIS0464,D PANJANG,SIMALUNGUN,17/09/2026,Khayalan,POLYBAG,,,,,26090463DR5QW5,26090463DR5QW5
NDIS0465,D PANJANG,SIMALUNGUN,17/09/2026,Khayalan,POLYBAG,,,,,26090463DR5QW5,26090463DR5QW5
NDIS0466,D PANJANG,SIMALUNGUN,17/09/2026,Khayalan,POLYBAG,,,,,26090463DR5QW5,26090463DR5QW5
NDIS0467,D PANJANG,SIMALUNGUN,17/09/2026,Khayalan,POLYBAG,,,,,26090463DR5QW5,26090463DR5QW5
NDIS0468,D PANJANG,SIMALUNGUN,17/09/2026,Khayalan,POLYBAG,,,,,26090463DR5QW5,26090463DR5QW5
NDIS0469,D PANJANG,SIMALUNGUN,17/09/2026,Khayalan,POLYBAG,,,,,26090463DR5QW5,26090463DR5QW5
NDIS0470,D PANJANG,SIMALUNGUN,17/09/2026,Khayalan,POLYBAG,,,,,26090463DR5QW5,26090463DR5QW5
NDIS0471,D PANJANG,SIMALUNGUN,17/09/2026,Khayalan,POLYBAG,,,,,26090463DR5QW5,26090463DR5QW5
NDIS0472,D PANJANG,SIMALUNGUN,17/09/2026,Khayalan,POLYBAG,,,,,26090463DR5QW5,26090463DR5QW5
NDIS0473,D PANJANG,SIMALUNGUN,17/09/2026,Khayalan,POLYBAG,,,,,26090463DR5QW5,26090463DR5QW5
NDIS0474,D PANJANG,SIMALUNGUN,17/09/2026,Khayalan,POLYBAG,,,,,26090463DR5QW5,26090463DR5QW5
NDIS0475,D PANJANG,SIMALUNGUN,17/09/2026,Khayalan,POLYBAG,,,,,26090463DR5QW5,26090463DR5QW5
NDIS0476,D PANJANG,SIMALUNGUN,17/09/2026,Khayalan,POLYBAG,,,,,26090463DR5QW5,26090463DR5QW5
NDIS0477,D PANJANG,SIMALUNGUN,17/09/2026,Khayalan,POLYBAG,,,,,26090463DR5QW5,26090463DR5QW5
NDIS0478,D PANJANG,SIMALUNGUN,17/09/2026,Khayalan,POLYBAG,,,,,26090463DR5QW5,26090463DR5QW5
NDIS0479,D PANJANG,SIMALUNGUN,17/09/2026,Khayalan,POLYBAG,,,,,26090463DR5QW5,26090463DR5QW5
NDIS0480,D PANJANG,SIMALUNGUN,17/09/2026,Khayalan,POLYBAG,,,,,26090463DR5QW5,26090463DR5QW5
NDIS0481,D PANJANG,SIMALUNGUN,17/09/2026,Khayalan,POLYBAG,,,,,26090463DR5QW5,26090463DR5QW5
NDIS0482,D PANJANG,SIMALUNGUN,17/09/2026,Khayalan,POLYBAG,,,,,26090463DR5QW5,26090463DR5QW5
NDIS0483,D PANJANG,SIMALUNGUN,17/09/2026,Khayalan,POLYBAG,,,,,26090463DR5QW5,26090463DR5QW5
NDIS0484,D PANJANG,SIMALUNGUN,17/09/2026,Khayalan,POLYBAG,,,,,26090463DR5QW5,26090463DR5QW5
NDIS0485,D PANJANG,SIMALUNGUN,17/09/2026,Khayalan,POLYBAG,,,,,26090463DR5QW5,26090463DR5QW5
NDIS0486,D PANJANG,SIMALUNGUN,17/09/2026,Khayalan,POLYBAG,,,,,26090463DR5QW5,26090463DR5QW5
NDIS0487,D PANJANG,SIMALUNGUN,17/09/2026,Khayalan,POLYBAG,,,,,26090463DR5QW5,26090463DR5QW5
NDIS0488,D PANJANG,SIMALUNGUN,17/09/2026,Khayalan,POLYBAG,,,,,26090463DR5QW5,26090463DR5QW5
NDIS0489,D PANJANG,SIMALUNGUN,17/09/2026,Khayalan,POLYBAG,,,,,26090463DR5QW5,26090463DR5QW5
NDIS0490,D PANJANG,SIMALUNGUN,17/09/2026,Khayalan,POLYBAG,,,,,26090463DR5QW5,26090463DR5QW5
NDIS0491,D PANJANG,SIMALUNGUN,17/09/2026,Khayalan,POLYBAG,,,,,26090463DR5QW5,26090463DR5QW5
NDIS0492,D PANJANG,SIMALUNGUN,17/09/2026,Khayalan,POLYBAG,,,,,26090463DR5QW5,26090463DR5QW5
NDIS0493,D PANJANG,SIMALUNGUN,17/09/2026,Khayalan,POLYBAG,,,,,26090463DR5QW5,26090463DR5QW5
NDIS0494,D PANJANG,SIMALUNGUN,17/09/2026,Khayalan,POLYBAG,,,,,26090463DR5QW5,26090463DR5QW5
NDIS0495,D PANJANG,SIMALUNGUN,17/09/2026,Khayalan,POLYBAG,,,,,26090463DR5QW5,26090463DR5QW5
NDIS0496,D PANJANG,SIMALUNGUN,17/09/2026,Khayalan,POLYBAG,,,,,26090463DR5QW5,26090463DR5QW5
NDIS0497,D PANJANG,SIMALUNGUN,17/09/2026,Khayalan,POLYBAG,,,,,26090463DR5QW5,26090463DR5QW5
NDIS0498,D PANJANG,SIMALUNGUN,17/09/2026,Khayalan,POLYBAG,,,,,26090463DR5QW5,26090463DR5QW5
NDIS0499,D PANJANG,SIMALUNGUN,17/09/2026,Khayalan,POLYBAG,,,,,26090463DR5QW5,26090463DR5QW5
NDIS0500,D PANJANG,SIMALUNGUN,17/09/2026,Khayalan,POLYBAG,,,,,26090463DR5QW5,26090463DR5QW5
NDIS0501,D PANJANG,SIMALUNGUN,17/09/2026,Khayalan,POLYBAG,,,,,26090463DR5QW5,26090463DR5QW5
NDIS0502,D PANJANG,SIMALUNGUN,17/09/2026,Khayalan,POLYBAG,,,,,26090463DR5QW5,26090463DR5QW5
NDIS0503,D PANJANG,SIMALUNGUN,17/09/2026,Khayalan,POLYBAG,,,,,26090463DR5QW5,26090463DR5QW5
NDIS0504,D PANJANG,SIMALUNGUN,17/09/2026,Khayalan,POLYBAG,,,,,26090463DR5QW5,26090463DR5QW5
NDIS0505,D PANJANG,SIMALUNGUN,17/09/2026,Khayalan,POLYBAG,,,,,26090463DR5QW5,26090463DR5QW5
NDIS0506,D PANJANG,SIMALUNGUN,17/09/2026,Khayalan,POLYBAG,,,,,26090463DR5QW5,26090463DR5QW5
NDIS0507,D PANJANG,SIMALUNGUN,17/09/2026,Khayalan,POLYBAG,,,,,26090463DR5QW5,26090463DR5QW5
NDIS0508,D PANJANG,SIMALUNGUN,17/09/2026,Khayalan,POLYBAG,,,,,26090463DR5QW5,26090463DR5QW5
NDIS0509,D PANJANG,SIMALUNGUN,17/09/2026,Khayalan,POLYBAG,,,,,26090463DR5QW5,26090463DR5QW5
NDIS0510,D PANJANG,SIMALUNGUN,17/09/2026,Khayalan,POLYBAG,,,,,26090463DR5QW5,26090463DR5QW5
NDIS0511,D PANJANG,SIMALUNGUN,17/09/2026,Khayalan,POLYBAG,,,,,26090463DR5QW5,26090463DR5QW5
NDIS0512,D PANJANG,SIMALUNGUN,17/09/2026,Khayalan,POLYBAG,,,,,26090463DR5QW5,26090463DR5QW5
NDIS0513,D PANJANG,SIMALUNGUN,17/09/2026,Khayalan,POLYBAG,,,,,26090463DR5QW5,26090463DR5QW5
NDIS0514,D PANJANG,SIMALUNGUN,17/09/2026,Khayalan,POLYBAG,,,,,26090463DR5QW5,26090463DR5QW5
NDIS0515,D PANJANG,SIMALUNGUN,17/09/2026,Khayalan,POLYBAG,,,,,26090463DR5QW5,26090463DR5QW5
NDIS0516,D PANJANG,SIMALUNGUN,17/09/2026,Khayalan,POLYBAG,,,,,26090463DR5QW5,26090463DR5QW5
NDIS0517,D PANJANG,SIMALUNGUN,17/09/2026,Khayalan,POLYBAG,,,,,26090463DR5QW5,26090463DR5QW5
NDIS0518,D PANJANG,SIMALUNGUN,17/09/2026,Khayalan,POLYBAG,,,,,26090463DR5QW5,26090463DR5QW5
NDIS0519,D PANJANG,SIMALUNGUN,17/09/2026,Khayalan,POLYBAG,,,,,26090463DR5QW5,26090463DR5QW5
NDIS0520,D PANJANG,SIMALUNGUN,17/09/2026,Khayalan,POLYBAG,,,,,26090463DR5QW5,26090463DR5QW5
NDIS0521,D PANJANG,SIMALUNGUN,17/09/2026,Khayalan,POLYBAG,,,,,26090463DR5QW5,26090463DR5QW5
NDIS0522,D PANJANG,SIMALUNGUN,17/09/2026,Khayalan,POLYBAG,,,,,26090463DR5QW5,26090463DR5QW5
NDIS0523,D PANJANG,SIMALUNGUN,17/09/2026,Khayalan,POLYBAG,,,,,26090463DR5QW5,26090463DR5QW5
NDIS0524,D PANJANG,SIMALUNGUN,17/09/2026,Khayalan,POLYBAG,,,,,26090463DR5QW5,26090463DR5QW5
NDIS0525,D PANJANG,SIMALUNGUN,17/09/2026,Khayalan,POLYBAG,,,,,26090463DR5QW5,26090463DR5QW5
NDIS0526,D PANJANG,SIMALUNGUN,17/09/2026,Khayalan,POLYBAG,,,,,26090463DR5QW5,26090463DR5QW5
NDIS0527,D PANJANG,SIMALUNGUN,17/09/2026,Khayalan,POLYBAG,,,,,26090463DR5QW5,26090463DR5QW5
NDIS0528,D PANJANG,SIMALUNGUN,17/09/2026,Khayalan,POLYBAG,,,,,26090463DR5QW5,26090463DR5QW5
NDIS0529,D PANJANG,SIMALUNGUN,17/09/2026,Khayalan,POLYBAG,,,,,26090463DR5QW5,26090463DR5QW5
NDIS0530,D PANJANG,SIMALUNGUN,17/09/2026,Khayalan,POLYBAG,,,,,26090463DR5QW5,26090463DR5QW5
NDIS0531,D PANJANG,SIMALUNGUN,17/09/2026,Khayalan,POLYBAG,,,,,26090463DR5QW5,26090463DR5QW5
NDIS0532,D PANJANG,SIMALUNGUN,17/09/2026,Khayalan,POLYBAG,,,,,26090463DR5QW5,26090463DR5QW5
NDIS0533,D PANJANG,SIMALUNGUN,17/09/2026,Khayalan,POLYBAG,,,,,26090463DR5QW5,26090463DR5QW5
NDIS0534,D PANJANG,SIMALUNGUN,17/09/2026,Khayalan,POLYBAG,,,,,26090463DR5QW5,26090463DR5QW5
NDIS0535,D PANJANG,SIMALUNGUN,17/09/2026,Khayalan,POLYBAG,,,,,26090463DR5QW5,26090463DR5QW5
NDIS0536,D PANJANG,SIMALUNGUN,17/09/2026,Khayalan,POLYBAG,,,,,26090463DR5QW5,26090463DR5QW5
NDIS0537,D PANJANG,SIMALUNGUN,17/09/2026,Khayalan,POLYBAG,,,,,26090463DR5QW5,26090463DR5QW5
NDIS0538,D PANJANG,SIMALUNGUN,17/09/2026,Khayalan,POLYBAG,,,,,26090463DR5QW5,26090463DR5QW5
NDIS0539,D PANJANG,SIMALUNGUN,17/09/2026,Khayalan,POLYBAG,,,,,26090463DR5QW5,26090463DR5QW5
NDIS0540,D PANJANG,SIMALUNGUN,17/09/2026,Khayalan,POLYBAG,,,,,26090463DR5QW5,26090463DR5QW5
NDIS0541,D PANJANG,SIMALUNGUN,17/09/2026,Khayalan,POLYBAG,,,,,26090463DR5QW5,26090463DR5QW5
NDIS0542,D PANJANG,SIMALUNGUN,17/09/2026,Khayalan,POLYBAG,,,,,26090463DR5QW5,26090463DR5QW5
NDIS0543,D PANJANG,SIMALUNGUN,17/09/2026,Khayalan,POLYBAG,,,,,26090463DR5QW5,26090463DR5QW5
NDIS0544,D PANJANG,SIMALUNGUN,17/09/2026,Khayalan,POLYBAG,,,,,26090463DR5QW5,26090463DR5QW5
NDIS0545,D PANJANG,SIMALUNGUN,17/09/2026,Khayalan,POLYBAG,,,,,26090463DR5QW5,26090463DR5QW5
NDIS0546,D PANJANG,SIMALUNGUN,17/09/2026,Khayalan,POLYBAG,,,,,26090463DR5QW5,26090463DR5QW5
NDIS0547,D PANJANG,SIMALUNGUN,17/09/2026,Khayalan,POLYBAG,,,,,26090463DR5QW5,26090463DR5QW5
NDIS0548,D PANJANG,SIMALUNGUN,17/09/2026,Khayalan,POLYBAG,,,,,26090463DR5QW5,26090463DR5QW5
NDIS0549,D PANJANG,SIMALUNGUN,17/09/2026,Khayalan,POLYBAG,,,,,26090463DR5QW5,26090463DR5QW5
NDIS0550,D PANJANG,SIMALUNGUN,17/09/2026,Khayalan,POLYBAG,,,,,26090463DR5QW5,26090463DR5QW5
NDIS0551,D PANJANG,SIMALUNGUN,17/09/2026,Khayalan,POLYBAG,,,,,26090463DR5QW5,26090463DR5QW5
NDIS0552,D PANJANG,SIMALUNGUN,17/09/2026,Khayalan,POLYBAG,,,,,26090463DR5QW5,26090463DR5QW5
NDIS0553,D PANJANG,SIMALUNGUN,17/09/2026,Khayalan,POLYBAG,,,,,26090463DR5QW5,26090463DR5QW5
NDIS0554,D PANJANG,SIMALUNGUN,17/09/2026,Khayalan,POLYBAG,,,,,26090463DR5QW5,26090463DR5QW5
NDIS0555,D PANJANG,SIMALUNGUN,17/09/2026,Khayalan,POLYBAG,,,,,26090463DR5QW5,26090463DR5QW5
NDIS0556,D PANJANG,SIMALUNGUN,17/09/2026,Khayalan,POLYBAG,,,,,26090463DR5QW5,26090463DR5QW5
NDIS0557,D PANJANG,SIMALUNGUN,17/09/2026,Khayalan,POLYBAG,,,,,26090463DR5QW5,26090463DR5QW5
NDIS0558,D PANJANG,SIMALUNGUN,17/09/2026,Khayalan,POLYBAG,,,,,26090463DR5QW5,26090463DR5QW5
NDIS0559,D PANJANG,SIMALUNGUN,17/09/2026,Khayalan,POLYBAG,,,,,26090463DR5QW5,26090463DR5QW5
NDIS0560,D PANJANG,SIMALUNGUN,17/09/2026,Khayalan,POLYBAG,,,,,26090463DR5QW5,26090463DR5QW5
NDIS0561,D PANJANG,SIMALUNGUN,17/09/2026,Khayalan,POLYBAG,,,,,26090463DR5QW5,26090463DR5QW5
NDIS0562,D PANJANG,SIMALUNGUN,17/09/2026,Khayalan,POLYBAG,,,,,26090463DR5QW5,26090463DR5QW5
NDIS0563,D PANJANG,SIMALUNGUN,17/09/2026,Khayalan,POLYBAG,,,,,26090463DR5QW5,26090463DR5QW5
NDIS0564,D PANJANG,SIMALUNGUN,17/09/2026,Khayalan,POLYBAG,,,,,26090463DR5QW5,26090463DR5QW5
NDIS0565,D PANJANG,SIMALUNGUN,17/09/2026,Khayalan,POLYBAG,,,,,26090463DR5QW5,26090463DR5QW5
NDIS0566,D PANJANG,SIMALUNGUN,17/09/2026,Khayalan,POLYBAG,,,,,26090463DR5QW5,26090463DR5QW5
NDIS0567,D PANJANG,SIMALUNGUN,17/09/2026,Khayalan,POLYBAG,,,,,26090463DR5QW5,26090463DR5QW5
NDIS0568,D PANJANG,SIMALUNGUN,17/09/2026,Khayalan,POLYBAG,,,,,26090463DR5QW5,26090463DR5QW5
NDIS0569,D PANJANG,SIMALUNGUN,17/09/2026,Khayalan,POLYBAG,,,,,26090463DR5QW5,26090463DR5QW5
NDIS0570,D PANJANG,SIMALUNGUN,17/09/2026,Khayalan,POLYBAG,,,,,26090463DR5QW5,26090463DR5QW5
NDIS0571,D PANJANG,SIMALUNGUN,17/09/2026,Khayalan,POLYBAG,,,,,26090463DR5QW5,26090463DR5QW5
NDIS0572,D PANJANG,SIMALUNGUN,17/09/2026,Khayalan,POLYBAG,,,,,26090463DR5QW5,26090463DR5QW5
NDIS0573,D PANJANG,SIMALUNGUN,17/09/2026,Khayalan,POLYBAG,,,,,26090463DR5QW5,26090463DR5QW5
NDIS0574,D PANJANG,SIMALUNGUN,17/09/2026,Khayalan,POLYBAG,,,,,26090463DR5QW5,26090463DR5QW5
NDIS0575,D PANJANG,SIMALUNGUN,17/09/2026,Khayalan,POLYBAG,,,,,26090463DR5QW5,26090463DR5QW5
NDIS0576,D PANJANG,SIMALUNGUN,17/09/2026,Khayalan,POLYBAG,,,,,26090463DR5QW5,26090463DR5QW5
NDIS0577,D PANJANG,SIMALUNGUN,17/09/2026,Khayalan,POLYBAG,,,,,26090463DR5QW5,26090463DR5QW5
NDIS0578,D PANJANG,SIMALUNGUN,17/09/2026,Khayalan,POLYBAG,,,,,26090463DR5QW5,26090463DR5QW5
NDIS0579,D PANJANG,SIMALUNGUN,17/09/2026,Khayalan,POLYBAG,,,,,26090463DR5QW5,26090463DR5QW5
NDIS0580,D PANJANG,SIMALUNGUN,17/09/2026,Khayalan,POLYBAG,,,,,26090463DR5QW5,26090463DR5QW5
NDIS0581,D PANJANG,SIMALUNGUN,17/09/2026,Khayalan,POLYBAG,,,,,26090463DR5QW5,26090463DR5QW5
NDIS0582,D PANJANG,SIMALUNGUN,17/09/2026,Khayalan,POLYBAG,,,,,26090463DR5QW5,26090463DR5QW5
NDIS0583,D PANJANG,SIMALUNGUN,17/09/2026,Khayalan,POLYBAG,,,,,26090463DR5QW5,26090463DR5QW5
NDIS0584,D PANJANG,SIMALUNGUN,17/09/2026,Khayalan,POLYBAG,,,,,26090463DR5QW5,26090463DR5QW5
NDIS0585,D PANJANG,SIMALUNGUN,17/09/2026,Khayalan,POLYBAG,,,,,26090463DR5QW5,26090463DR5QW5
NDIS0586,D PANJANG,SIMALUNGUN,17/09/2026,Khayalan,POLYBAG,,,,,26090463DR5QW5,26090463DR5QW5
NDIS0587,D PANJANG,SIMALUNGUN,17/09/2026,Khayalan,POLYBAG,,,,,26090463DR5QW5,26090463DR5QW5
NDIS0588,D PANJANG,SIMALUNGUN,17/09/2026,Khayalan,POLYBAG,,,,,26090463DR5QW5,26090463DR5QW5
NDIS0589,D PANJANG,SIMALUNGUN,17/09/2026,Khayalan,POLYBAG,,,,,26090463DR5QW5,26090463DR5QW5
NDIS0590,D PANJANG,SIMALUNGUN,17/09/2026,Khayalan,POLYBAG,,,,,26090463DR5QW5,26090463DR5QW5
NDIS0591,D PANJANG,SIMALUNGUN,17/09/2026,Khayalan,POLYBAG,,,,,26090463DR5QW5,26090463DR5QW5
NDIS0592,D PANJANG,SIMALUNGUN,17/09/2026,Khayalan,POLYBAG,,,,,26090463DR5QW5,26090463DR5QW5
NDIS0593,D PANJANG,SIMALUNGUN,17/09/2026,Khayalan,POLYBAG,,,,,26090463DR5QW5,26090463DR5QW5
NDIS0594,D PANJANG,SIMALUNGUN,17/09/2026,Khayalan,POLYBAG,,,,,26090463DR5QW5,26090463DR5QW5
NDIS0595,D PANJANG,SIMALUNGUN,17/09/2026,Khayalan,POLYBAG,,,,,26090463DR5QW5,26090463DR5QW5
NDIS0596,D PANJANG,SIMALUNGUN,17/09/2026,Khayalan,POLYBAG,,,,,26090463DR5QW5,26090463DR5QW5
NDIS0597,D PANJANG,SIMALUNGUN,17/09/2026,Khayalan,POLYBAG,,,,,26090463DR5QW5,26090463DR5QW5
NDIS0598,D PANJANG,SIMALUNGUN,17/09/2026,Khayalan,POLYBAG,,,,,26090463DR5QW5,26090463DR5QW5
NDIS0599,D PANJANG,SIMALUNGUN,17/09/2026,Khayalan,POLYBAG,,,,,26090463DR5QW5,26090463DR5QW5
NDIS0600,D PANJANG,SIMALUNGUN,17/09/2026,Khayalan,POLYBAG,,,,,26090463DR5QW5,26090463DR5QW5
NDIS0601,D PANJANG,SIMALUNGUN,17/09/2026,Khayalan,POLYBAG,,,,,26090463DR5QW5,26090463DR5QW5
NDIS0602,D PANJANG,SIMALUNGUN,17/09/2026,Khayalan,POLYBAG,,,,,26090463DR5QW5,26090463DR5QW5
NDIS0603,D PANJANG,SIMALUNGUN,17/09/2026,Khayalan,POLYBAG,,,,,26090463DR5QW5,26090463DR5QW5
NDIS0604,D PANJANG,SIMALUNGUN,17/09/2026,Khayalan,POLYBAG,,,,,26090463DR5QW5,26090463DR5QW5
NDIS0605,D PANJANG,SIMALUNGUN,17/09/2026,Khayalan,POLYBAG,,,,,26090463DR5QW5,26090463DR5QW5
NDIS0606,D PANJANG,SIMALUNGUN,17/09/2026,Khayalan,POLYBAG,,,,,26090463DR5QW5,26090463DR5QW5
NDIS0607,E MIX,MIX,18/09/2026,Khayalan,POLYBAG,,,,,PAPAH,PAPAH
NDIS0608,E MIX,MIX,18/09/2026,Khayalan,POLYBAG,,,,,PAPAH,PAPAH
NDIS0609,E MIX,MIX,18/09/2026,Khayalan,POLYBAG,,,,,PAPAH,PAPAH
NDIS0610,E MIX,MIX,18/09/2026,Khayalan,POLYBAG,,,,,PAPAH,PAPAH
NDIS0611,E MIX,MIX,18/09/2026,Khayalan,POLYBAG,,,,,PAPAH,PAPAH
NDIS0612,E MIX,MIX,18/09/2026,Khayalan,POLYBAG,,,,,PAPAH,PAPAH
NDIS0613,E MIX,MIX,18/09/2026,Khayalan,POLYBAG,,,,,PAPAH,PAPAH
NDIS0614,E MIX,MIX,18/09/2026,Khayalan,POLYBAG,,,,,PAPAH,PAPAH
NDIS0615,E MIX,MIX,18/09/2026,Khayalan,POLYBAG,,,,,PAPAH,PAPAH
NDIS0616,E MIX,MIX,18/09/2026,Khayalan,POLYBAG,,,,,PAPAH,PAPAH
NDIS0617,E MIX,MIX,18/09/2026,Khayalan,POLYBAG,,,,,PAPAH,PAPAH
NDIS0618,E MIX,MIX,18/09/2026,Khayalan,POLYBAG,,,,,PAPAH,PAPAH
NDIS0619,E MIX,MIX,18/09/2026,Khayalan,POLYBAG,,,,,PAPAH,PAPAH
NDIS0620,E MIX,MIX,18/09/2026,Khayalan,POLYBAG,,,,,PAPAH,PAPAH
NDIS0621,E MIX,MIX,18/09/2026,Khayalan,POLYBAG,,,,,PAPAH,PAPAH
NDIS0622,E MIX,MIX,18/09/2026,Khayalan,POLYBAG,,,,,PAPAH,PAPAH
NDIS0623,E MIX,MIX,18/09/2026,Khayalan,POLYBAG,,,,,PAPAH,PAPAH
NDIS0624,E MIX,MIX,18/09/2026,Khayalan,POLYBAG,,,,,PAPAH,PAPAH
NDIS0625,E MIX,MIX,18/09/2026,Khayalan,POLYBAG,,,,,PAPAH,PAPAH
NDIS0626,E MIX,MIX,18/09/2026,Khayalan,POLYBAG,,,,,PAPAH,PAPAH
NDIS0627,E MIX,MIX,18/09/2026,Khayalan,POLYBAG,,,,,PAPAH,PAPAH
NDIS0628,E MIX,MIX,18/09/2026,Khayalan,POLYBAG,,,,,PAPAH,PAPAH
NDIS0629,E MIX,MIX,18/09/2026,Khayalan,POLYBAG,,,,,PAPAH,PAPAH
NDIS0630,E MIX,MIX,18/09/2026,Khayalan,POLYBAG,,,,,PAPAH,PAPAH
NDIS0631,E MIX,MIX,18/09/2026,Khayalan,POLYBAG,,,,,PAPAH,PAPAH
NDIS0632,E MIX,MIX,18/09/2026,Khayalan,POLYBAG,,,,,PAPAH,PAPAH
NDIS0633,E MIX,MIX,18/09/2026,Khayalan,POLYBAG,,,,,PAPAH,PAPAH
NDIS0634,E MIX,MIX,18/09/2026,Khayalan,POLYBAG,,,,,PAPAH,PAPAH
NDIS0635,E MIX,MIX,18/09/2026,Khayalan,POLYBAG,,,,,PAPAH,PAPAH
NDIS0636,E MIX,MIX,18/09/2026,Khayalan,POLYBAG,,,,,PAPAH,PAPAH
NDIS0637,E MIX,MIX,18/09/2026,Khayalan,POLYBAG,,,,,PAPAH,PAPAH
NDIS0638,E MIX,MIX,18/09/2026,Khayalan,POLYBAG,,,,,PAPAH,PAPAH
NDIS0639,E MIX,MIX,18/09/2026,Khayalan,POLYBAG,,,,,PAPAH,PAPAH
NDIS0640,E MIX,MIX,18/09/2026,Khayalan,POLYBAG,,,,,PAPAH,PAPAH
NDIS0641,E MIX,MIX,18/09/2026,Khayalan,POLYBAG,,,,,PAPAH,PAPAH
NDIS0642,E MIX,MIX,18/09/2026,Khayalan,POLYBAG,,,,,PAPAH,PAPAH
NDIS0643,E MIX,MIX,18/09/2026,Khayalan,POLYBAG,,,,,PAPAH,PAPAH
NDIS0644,E MIX,MIX,18/09/2026,Khayalan,POLYBAG,,,,,PAPAH,PAPAH
NDIS0645,E MIX,MIX,18/09/2026,Khayalan,POLYBAG,,,,,PAPAH,PAPAH
NDIS0646,E MIX,MIX,18/09/2026,Khayalan,POLYBAG,,,,,PAPAH,PAPAH
NDIS0647,E MIX,MIX,18/09/2026,Khayalan,POLYBAG,,,,,PAPAH,PAPAH
NDIS0648,E MIX,MIX,18/09/2026,Khayalan,POLYBAG,,,,,PAPAH,PAPAH
NDIS0649,E MIX,MIX,18/09/2026,Khayalan,POLYBAG,,,,,PAPAH,PAPAH
NDIS0650,E MIX,MIX,18/09/2026,Khayalan,POLYBAG,,,,,PAPAH,PAPAH
NDIS0651,E MIX,MIX,18/09/2026,Khayalan,POLYBAG,,,,,PAPAH,PAPAH
NDIS0652,E MIX,MIX,18/09/2026,Khayalan,POLYBAG,,,,,PAPAH,PAPAH
NDIS0653,E MIX,MIX,18/09/2026,Khayalan,POLYBAG,,,,,PAPAH,PAPAH
NDIS0654,E MIX,MIX,18/09/2026,Khayalan,POLYBAG,,,,,PAPAH,PAPAH
NDIS0655,E MIX,MIX,18/09/2026,Khayalan,POLYBAG,,,,,PAPAH,PAPAH
NDIS0656,E MIX,MIX,18/09/2026,Khayalan,POLYBAG,,,,,PAPAH,PAPAH
NDIS0657,E MIX,MIX,18/09/2026,Khayalan,POLYBAG,,,,,PAPAH,PAPAH
NDIS0658,E MIX,MIX,18/09/2026,Khayalan,POLYBAG,,,,,PAPAH,PAPAH
NDIS0659,E MIX,MIX,18/09/2026,Khayalan,POLYBAG,,,,,PAPAH,PAPAH
NDIS0660,E MIX,MIX,18/09/2026,Khayalan,POLYBAG,,,,,PAPAH,PAPAH
NDIS0661,E MIX,MIX,18/09/2026,Khayalan,POLYBAG,,,,,PAPAH,PAPAH
NDIS0662,E MIX,MIX,18/09/2026,Khayalan,POLYBAG,,,,,PAPAH,PAPAH
NDIS0663,E MIX,MIX,18/09/2026,Khayalan,POLYBAG,,,,,PAPAH,PAPAH
NDIS0664,E MIX,MIX,18/09/2026,Khayalan,POLYBAG,,,,,PAPAH,PAPAH
NDIS0665,E MIX,MIX,18/09/2026,Khayalan,POLYBAG,,,,,PAPAH,PAPAH
NDIS0666,E MIX,MIX,18/09/2026,Khayalan,POLYBAG,,,,,PAPAH,PAPAH
NDIS0667,E MIX,MIX,18/09/2026,Khayalan,POLYBAG,,,,,PAPAH,PAPAH
NDIS0668,E MIX,MIX,18/09/2026,Khayalan,POLYBAG,,,,,PAPAH,PAPAH
NDIS0669,E MIX,MIX,18/09/2026,Khayalan,POLYBAG,,,,,PAPAH,PAPAH
NDIS0670,E MIX,MIX,18/09/2026,Khayalan,POLYBAG,,,,,PAPAH,PAPAH
NDIS0671,E MIX,MIX,18/09/2026,Khayalan,POLYBAG,,,,,PAPAH,PAPAH
NDIS0672,E MIX,MIX,18/09/2026,Khayalan,POLYBAG,,,,,PAPAH,PAPAH
NDIS0673,E MIX,MIX,18/09/2026,Khayalan,POLYBAG,,,,,PAPAH,PAPAH
NDIS0674,E MIX,MIX,18/09/2026,Khayalan,POLYBAG,,,,,PAPAH,PAPAH
NDIS0675,E MIX,MIX,18/09/2026,Khayalan,POLYBAG,,,,,PAPAH,PAPAH
NDIS0676,E MIX,MIX,18/09/2026,Khayalan,POLYBAG,,,,,PAPAH,PAPAH
NDIS0677,E MIX,MIX,18/09/2026,Khayalan,POLYBAG,,,,,PAPAH,PAPAH
NDIS0678,E MIX,MIX,18/09/2026,Khayalan,POLYBAG,,,,,PAPAH,PAPAH
NDIS0679,E MIX,MIX,18/09/2026,Khayalan,POLYBAG,,,,,PAPAH,PAPAH
NDIS0680,E MIX,MIX,18/09/2026,Khayalan,POLYBAG,,,,,PAPAH,PAPAH
NDIS0681,E MIX,MIX,18/09/2026,Khayalan,POLYBAG,,,,,PAPAH,PAPAH
NDIS0682,E MIX,MIX,18/09/2026,Khayalan,POLYBAG,,,,,PAPAH,PAPAH
NDIS0683,E MIX,MIX,18/09/2026,Khayalan,POLYBAG,,,,,PAPAH,PAPAH
NDIS0684,E MIX,MIX,18/09/2026,Khayalan,POLYBAG,,,,,PAPAH,PAPAH
NDIS0685,E MIX,MIX,18/09/2026,Khayalan,POLYBAG,,,,,PAPAH,PAPAH
NDIS0686,E MIX,MIX,18/09/2026,Khayalan,POLYBAG,,,,,PAPAH,PAPAH
NDIS0687,E MIX,MIX,18/09/2026,Khayalan,POLYBAG,,,,,PAPAH,PAPAH
